-- MySQL dump 10.13  Distrib 8.0.23, for Win64 (x86_64)
--
-- Host: localhost    Database: tatooCok
-- ------------------------------------------------------
-- Server version	8.0.23

/*!40101 SET @OLD_CHARACTER_SET_CLIENT=@@CHARACTER_SET_CLIENT */;
/*!40101 SET @OLD_CHARACTER_SET_RESULTS=@@CHARACTER_SET_RESULTS */;
/*!40101 SET @OLD_COLLATION_CONNECTION=@@COLLATION_CONNECTION */;
/*!50503 SET NAMES utf8mb4 */;
/*!40103 SET @OLD_TIME_ZONE=@@TIME_ZONE */;
/*!40103 SET TIME_ZONE='+00:00' */;
/*!40014 SET @OLD_UNIQUE_CHECKS=@@UNIQUE_CHECKS, UNIQUE_CHECKS=0 */;
/*!40014 SET @OLD_FOREIGN_KEY_CHECKS=@@FOREIGN_KEY_CHECKS, FOREIGN_KEY_CHECKS=0 */;
/*!40101 SET @OLD_SQL_MODE=@@SQL_MODE, SQL_MODE='NO_AUTO_VALUE_ON_ZERO' */;
/*!40111 SET @OLD_SQL_NOTES=@@SQL_NOTES, SQL_NOTES=0 */;

--
-- Table structure for table `like`
--

DROP TABLE IF EXISTS `like`;
/*!40101 SET @saved_cs_client     = @@character_set_client */;
/*!50503 SET character_set_client = utf8mb4 */;
CREATE TABLE `like` (
  `createdAt` datetime NOT NULL,
  `updatedAt` datetime NOT NULL,
  `ArtArtNo` int NOT NULL,
  `UserUserId` varchar(30) NOT NULL,
  PRIMARY KEY (`ArtArtNo`,`UserUserId`),
  KEY `UserUserId` (`UserUserId`),
  CONSTRAINT `like_ibfk_1` FOREIGN KEY (`ArtArtNo`) REFERENCES `tb_art` (`art_no`) ON DELETE CASCADE ON UPDATE CASCADE,
  CONSTRAINT `like_ibfk_2` FOREIGN KEY (`UserUserId`) REFERENCES `tb_user` (`user_id`) ON DELETE CASCADE ON UPDATE CASCADE
) ENGINE=InnoDB DEFAULT CHARSET=utf8;
/*!40101 SET character_set_client = @saved_cs_client */;

--
-- Dumping data for table `like`
--

LOCK TABLES `like` WRITE;
/*!40000 ALTER TABLE `like` DISABLE KEYS */;
INSERT INTO `like` VALUES ('2021-06-07 13:00:06','2021-06-07 13:00:06',93,'test2');
/*!40000 ALTER TABLE `like` ENABLE KEYS */;
UNLOCK TABLES;

--
-- Table structure for table `tb_art`
--

DROP TABLE IF EXISTS `tb_art`;
/*!40101 SET @saved_cs_client     = @@character_set_client */;
/*!50503 SET character_set_client = utf8mb4 */;
CREATE TABLE `tb_art` (
  `art_no` int NOT NULL AUTO_INCREMENT,
  `genre` varchar(30) COLLATE utf8mb4_general_ci DEFAULT NULL,
  `use_yn` varchar(1) COLLATE utf8mb4_general_ci DEFAULT NULL,
  `ttl` varchar(500) COLLATE utf8mb4_general_ci DEFAULT NULL,
  `ctnt` text COLLATE utf8mb4_general_ci,
  `view_yn` varchar(1) COLLATE utf8mb4_general_ci DEFAULT NULL,
  `depth` int DEFAULT NULL,
  `view_cnt` int DEFAULT NULL,
  `reg_id` varchar(30) COLLATE utf8mb4_general_ci DEFAULT NULL,
  `reg_nm` varchar(80) COLLATE utf8mb4_general_ci DEFAULT NULL,
  `ord` int DEFAULT NULL,
  `createdAt` datetime NOT NULL,
  `updatedAt` datetime NOT NULL,
  PRIMARY KEY (`art_no`)
) ENGINE=InnoDB AUTO_INCREMENT=143 DEFAULT CHARSET=utf8mb4 COLLATE=utf8mb4_general_ci;
/*!40101 SET character_set_client = @saved_cs_client */;

--
-- Dumping data for table `tb_art`
--

LOCK TABLES `tb_art` WRITE;
/*!40000 ALTER TABLE `tb_art` DISABLE KEYS */;
INSERT INTO `tb_art` VALUES (93,'이레즈미 ','Y','test','zzzz','Y',NULL,NULL,'test1','타투콕',NULL,'2021-06-07 12:47:19','2021-06-07 12:47:19'),(94,'이레즈미 ','Y','testtt','zz','Y',NULL,NULL,'test2','타투아티',NULL,'2021-06-07 13:00:45','2021-06-07 13:00:45'),(95,'이레즈미','Y','test','zzzz','Y',1,1,'test1','타투콕',1,'2021-06-08 05:44:14','2021-06-08 05:44:14'),(96,'이레즈미','Y','test','zzzz','Y',1,1,'test1','타투콕',1,'2021-06-08 05:44:16','2021-06-08 05:44:16'),(97,'이레즈미','Y','test','zzzz','Y',1,1,'test1','타투콕',1,'2021-06-08 05:44:16','2021-06-08 05:44:16'),(98,'이레즈미','Y','test','zzzz','Y',1,1,'test1','타투콕',1,'2021-06-08 05:44:16','2021-06-08 05:44:16'),(99,'이레즈미','Y','test','zzzz','Y',1,1,'test1','타투콕',1,'2021-06-08 05:44:16','2021-06-08 05:44:16'),(100,'이레즈미','Y','test','zzzz','Y',1,1,'test1','타투콕',1,'2021-06-08 05:44:17','2021-06-08 05:44:17'),(101,'이레즈미','Y','test','zzzz','Y',1,1,'test1','타투콕',1,'2021-06-08 05:44:17','2021-06-08 05:44:17'),(102,'이레즈미','Y','test','zzzz','Y',1,1,'test1','타투콕',1,'2021-06-08 05:44:18','2021-06-08 05:44:18'),(103,'이레즈미','Y','test','zzzz','Y',1,1,'test1','타투콕',1,'2021-06-08 05:44:18','2021-06-08 05:44:18'),(104,'이레즈미','Y','test','zzzz','Y',1,1,'test1','타투콕',1,'2021-06-08 05:44:19','2021-06-08 05:44:19'),(105,'이레즈미','Y','test','zzzz','Y',1,1,'test1','타투콕',1,'2021-06-08 05:44:19','2021-06-08 05:44:19'),(106,'이레즈미','Y','test','zzzz','Y',1,1,'test1','타투콕',1,'2021-06-08 05:44:19','2021-06-08 05:44:19'),(107,'이레즈미','Y','test','zzzz','Y',1,1,'test1','타투콕',1,'2021-06-08 05:44:20','2021-06-08 05:44:20'),(108,'이레즈미','Y','test','zzzz','Y',1,1,'test1','타투콕',1,'2021-06-08 05:44:20','2021-06-08 05:44:20'),(109,'이레즈미','Y','test','zzzz','Y',1,1,'test1','타투콕',1,'2021-06-08 05:44:20','2021-06-08 05:44:20'),(110,'이레즈미','Y','test','zzzz','Y',1,1,'test1','타투콕',1,'2021-06-08 05:44:20','2021-06-08 05:44:20'),(111,'이레즈미','Y','test','zzzz','Y',1,1,'test1','타투콕',1,'2021-06-08 05:44:21','2021-06-08 05:44:21'),(112,'이레즈미','Y','test','zzzz','Y',1,1,'test1','타투콕',1,'2021-06-08 05:44:21','2021-06-08 05:44:21'),(113,'이레즈미','Y','test','zzzz','Y',1,1,'test1','타투콕',1,'2021-06-08 05:44:21','2021-06-08 05:44:21'),(114,'이레즈미','Y','test','zzzz','Y',1,1,'test1','타투콕',1,'2021-06-08 05:44:21','2021-06-08 05:44:21'),(115,'이레즈미','Y','test','zzzz','Y',1,1,'test1','타투콕',1,'2021-06-08 05:44:22','2021-06-08 05:44:22'),(116,'이레즈미','Y','test','zzzz','Y',1,1,'test1','타투콕',1,'2021-06-08 05:44:22','2021-06-08 05:44:22'),(117,'이레즈미','Y','test','zzzz','Y',1,1,'test1','타투콕',1,'2021-06-08 05:44:22','2021-06-08 05:44:22'),(118,'이레즈미','Y','test','zzzz','Y',1,1,'test1','타투콕',1,'2021-06-08 05:44:22','2021-06-08 05:44:22'),(119,'이레즈미','Y','test','zzzz','Y',1,1,'test1','타투콕',1,'2021-06-08 05:44:23','2021-06-08 05:44:23'),(120,'이레즈미','Y','test','zzzz','Y',1,1,'test1','타투콕',1,'2021-06-08 05:44:23','2021-06-08 05:44:23'),(121,'이레즈미','Y','test','zzzz','Y',1,1,'test1','타투콕',1,'2021-06-08 05:44:23','2021-06-08 05:44:23'),(122,'뉴 재패니즈','Y','test','zzzz','Y',1,1,'test1','타투콕',1,'2021-06-08 05:44:46','2021-06-08 05:44:46'),(123,'뉴 재패니즈','Y','test','zzzz','Y',1,1,'test1','타투콕',1,'2021-06-08 05:44:46','2021-06-08 05:44:46'),(124,'뉴 재패니즈','Y','test','zzzz','Y',1,1,'test1','타투콕',1,'2021-06-08 05:44:47','2021-06-08 05:44:47'),(125,'뉴 재패니즈','Y','test','zzzz','Y',1,1,'test1','타투콕',1,'2021-06-08 05:44:47','2021-06-08 05:44:47'),(126,'뉴 재패니즈','Y','test','zzzz','Y',1,1,'test1','타투콕',1,'2021-06-08 05:44:48','2021-06-08 05:44:48'),(127,'뉴 재패니즈','Y','test','zzzz','Y',1,1,'test1','타투콕',1,'2021-06-08 05:44:48','2021-06-08 05:44:48'),(128,'뉴 재패니즈','Y','test','zzzz','Y',1,1,'test1','타투콕',1,'2021-06-08 05:44:49','2021-06-08 05:44:49'),(129,'뉴 재패니즈','Y','test','zzzz','Y',1,1,'test1','타투콕',1,'2021-06-08 05:44:49','2021-06-08 05:44:49'),(130,'레터링','Y','test','zzzz','Y',1,1,'test1','타투콕',1,'2021-06-08 05:44:51','2021-06-08 05:44:51'),(131,'레터링','Y','test','zzzz','Y',1,1,'test1','타투콕',1,'2021-06-08 05:44:52','2021-06-08 05:44:52'),(132,'레터링','Y','test','zzzz','Y',1,1,'test1','타투콕',1,'2021-06-08 05:44:52','2021-06-08 05:44:52'),(133,'올드스쿨','Y','test','zzzz','Y',1,1,'test1','타투콕',1,'2021-06-08 05:44:57','2021-06-08 05:44:57'),(134,'올드스쿨','Y','test','zzzz','Y',1,1,'test1','타투콕',1,'2021-06-08 05:44:57','2021-06-08 05:44:57'),(135,'올드스쿨','Y','test','zzzz','Y',1,1,'test2','타투콕',1,'2021-06-08 05:44:59','2021-06-08 05:44:59'),(136,'올드스쿨','Y','test','zzzz','Y',1,1,'test2','타투콕',1,'2021-06-08 05:44:59','2021-06-08 05:44:59'),(137,'커버업','Y','test','zzzz','Y',1,1,'test2','타투콕',1,'2021-06-08 05:45:03','2021-06-08 05:45:03'),(138,'커버업','Y','test','zzzz','Y',1,1,'test2','타투콕',1,'2021-06-08 05:45:04','2021-06-08 05:45:04'),(139,'리얼리티','Y','test','zzzz','Y',1,1,'test2','타투콕',1,'2021-06-08 05:45:07','2021-06-08 05:45:07'),(140,'리얼리티','Y','test','zzzz','Y',1,1,'test2','타투콕',1,'2021-06-08 05:45:07','2021-06-08 05:45:07'),(141,'블랙워크','Y','test','zzzz','Y',1,1,'test2','타투콕',1,'2021-06-08 05:45:11','2021-06-08 05:45:11'),(142,'블랙워크','Y','test','zzzz','Y',1,1,'test2','타투콕',1,'2021-06-08 05:45:12','2021-06-08 05:45:12');
/*!40000 ALTER TABLE `tb_art` ENABLE KEYS */;
UNLOCK TABLES;

--
-- Table structure for table `tb_board`
--

DROP TABLE IF EXISTS `tb_board`;
/*!40101 SET @saved_cs_client     = @@character_set_client */;
/*!50503 SET character_set_client = utf8mb4 */;
CREATE TABLE `tb_board` (
  `BRD_NO` int NOT NULL AUTO_INCREMENT,
  `BRD_KIND` varchar(10) DEFAULT NULL,
  `CATE_CD` varchar(10) DEFAULT NULL,
  `NOTICE_YN` varchar(1) DEFAULT NULL,
  `USE_YN` varchar(1) DEFAULT NULL,
  `TTL` varchar(500) DEFAULT NULL,
  `CTNT` text,
  `HIGH_REG_NO` int DEFAULT NULL,
  `DEPTH` int DEFAULT NULL,
  `ALL_REG_NO` varchar(500) DEFAULT NULL,
  `TOP_REG_NO` int DEFAULT NULL,
  `VIEW_CNT` int DEFAULT NULL,
  `REG_ID` varchar(30) DEFAULT NULL,
  `REG_NM` varchar(80) DEFAULT NULL,
  `REG_PWD` varchar(50) DEFAULT NULL,
  `SDT` varchar(10) DEFAULT NULL,
  `EDT` varchar(10) DEFAULT NULL,
  `URL` varchar(250) DEFAULT NULL,
  `BRD_MGRNO` int DEFAULT NULL,
  `SECRET_YN` varchar(1) DEFAULT NULL,
  `ZIP_CD` varchar(7) DEFAULT NULL,
  `EMAIL` varchar(200) DEFAULT NULL,
  `DELFLAG_YN` varchar(1) DEFAULT NULL,
  `WIN_HEIGHT` int DEFAULT NULL,
  `WIN_WIDTH` int DEFAULT NULL,
  `ETC_FIELD1` varchar(400) DEFAULT NULL,
  `ETC_FIELD2` varchar(400) DEFAULT NULL,
  `ETC_FIELD3` varchar(400) DEFAULT NULL,
  `URL_TARGET` varchar(20) DEFAULT NULL,
  `SITE_GB` varchar(100) DEFAULT NULL,
  `ORD` int DEFAULT NULL,
  `ETC_FIELD4` varchar(400) DEFAULT NULL,
  `CreatedAt` date DEFAULT NULL,
  `UpdatedAt` date DEFAULT NULL,
  PRIMARY KEY (`BRD_NO`) USING BTREE
) ENGINE=InnoDB AUTO_INCREMENT=113 DEFAULT CHARSET=utf8;
/*!40101 SET character_set_client = @saved_cs_client */;

--
-- Dumping data for table `tb_board`
--

LOCK TABLES `tb_board` WRITE;
/*!40000 ALTER TABLE `tb_board` DISABLE KEYS */;
INSERT INTO `tb_board` VALUES (18,NULL,NULL,NULL,'Y','이게 공지사항이지 ㅋㅋㅋㅋㅋㅋ','ㅋㅋㅋㅋㅋㅋㅋㅋㅋㅋㅋㅋㅋㅋㅋㅋ',NULL,NULL,NULL,NULL,NULL,'admin','관리자',NULL,NULL,NULL,NULL,226,NULL,NULL,NULL,NULL,NULL,NULL,NULL,NULL,NULL,NULL,'HOME',NULL,NULL,NULL,NULL),(19,NULL,NULL,NULL,'Y','이게 공지사항이지 ㅋㅋㅋㅋㅋㅋ','ㅋㅋㅋㅋㅋㅋㅋㅋㅋㅋㅋㅋㅋㅋㅋㅋ',NULL,NULL,NULL,NULL,NULL,'admin','관리자',NULL,NULL,NULL,NULL,226,NULL,NULL,NULL,NULL,NULL,NULL,NULL,NULL,NULL,NULL,'HOME',NULL,NULL,NULL,NULL),(20,NULL,NULL,NULL,'Y','이게 공지사항이지 ㅋㅋㅋㅋㅋㅋ','ㅋㅋㅋㅋㅋㅋㅋㅋㅋㅋㅋㅋㅋㅋㅋㅋ',NULL,NULL,NULL,NULL,NULL,'admin','관리자',NULL,NULL,NULL,NULL,226,NULL,NULL,NULL,NULL,NULL,NULL,NULL,NULL,NULL,NULL,'HOME',NULL,NULL,NULL,NULL),(21,NULL,NULL,NULL,'Y','이게 공지사항이지 ㅋㅋㅋㅋㅋㅋ','ㅋㅋㅋㅋㅋㅋㅋㅋㅋㅋㅋㅋㅋㅋㅋㅋ',NULL,NULL,NULL,NULL,NULL,'admin','관리자',NULL,NULL,NULL,NULL,226,NULL,NULL,NULL,NULL,NULL,NULL,NULL,NULL,NULL,NULL,'HOME',NULL,NULL,NULL,NULL),(22,NULL,NULL,NULL,'Y','이게 공지사항이지 ㅋㅋㅋㅋㅋㅋ','ㅋㅋㅋㅋㅋㅋㅋㅋㅋㅋㅋㅋㅋㅋㅋㅋ',NULL,NULL,NULL,NULL,NULL,'admin','관리자',NULL,NULL,NULL,NULL,226,NULL,NULL,NULL,NULL,NULL,NULL,NULL,NULL,NULL,NULL,'HOME',NULL,NULL,NULL,NULL),(23,NULL,NULL,NULL,'Y','이게 공지사항이지 ㅋㅋㅋㅋㅋㅋ','ㅋㅋㅋㅋㅋㅋㅋㅋㅋㅋㅋㅋㅋㅋㅋㅋ',NULL,NULL,NULL,NULL,NULL,'admin','관리자',NULL,NULL,NULL,NULL,226,NULL,NULL,NULL,NULL,NULL,NULL,NULL,NULL,NULL,NULL,'HOME',NULL,NULL,NULL,NULL),(24,NULL,NULL,NULL,'Y','이게 공지사항이지 ㅋㅋㅋㅋㅋㅋ','ㅋㅋㅋㅋㅋㅋㅋㅋㅋㅋㅋㅋㅋㅋㅋㅋ',NULL,NULL,NULL,NULL,NULL,'admin','관리자',NULL,NULL,NULL,NULL,226,NULL,NULL,NULL,NULL,NULL,NULL,NULL,NULL,NULL,NULL,'HOME',NULL,NULL,NULL,NULL),(25,NULL,NULL,NULL,'Y','이게 공지사항이지 ㅋㅋㅋㅋㅋㅋ','ㅋㅋㅋㅋㅋㅋㅋㅋㅋㅋㅋㅋㅋㅋㅋㅋ',NULL,NULL,NULL,NULL,NULL,'admin','관리자',NULL,NULL,NULL,NULL,226,NULL,NULL,NULL,NULL,NULL,NULL,NULL,NULL,NULL,NULL,'HOME',NULL,NULL,NULL,NULL),(26,NULL,NULL,NULL,'Y','이게 공지사항이지 ㅋㅋㅋㅋㅋㅋ','ㅋㅋㅋㅋㅋㅋㅋㅋㅋㅋㅋㅋㅋㅋㅋㅋ',NULL,NULL,NULL,NULL,NULL,'admin','관리자',NULL,NULL,NULL,NULL,226,NULL,NULL,NULL,NULL,NULL,NULL,NULL,NULL,NULL,NULL,'HOME',NULL,NULL,NULL,NULL),(27,NULL,NULL,NULL,'Y','이게 공지사항이지 ㅋㅋㅋㅋㅋㅋ','ㅋㅋㅋㅋㅋㅋㅋㅋㅋㅋㅋㅋㅋㅋㅋㅋ',NULL,NULL,NULL,NULL,NULL,'admin','관리자',NULL,NULL,NULL,NULL,226,NULL,NULL,NULL,NULL,NULL,NULL,NULL,NULL,NULL,NULL,'HOME',NULL,NULL,NULL,NULL),(28,NULL,NULL,NULL,'Y','이게 공지사항이지 ㅋㅋㅋㅋㅋㅋ','ㅋㅋㅋㅋㅋㅋㅋㅋㅋㅋㅋㅋㅋㅋㅋㅋ',NULL,NULL,NULL,NULL,NULL,'admin','관리자',NULL,NULL,NULL,NULL,226,NULL,NULL,NULL,NULL,NULL,NULL,NULL,NULL,NULL,NULL,'HOME',NULL,NULL,NULL,NULL),(29,NULL,NULL,NULL,'Y','이게 공지사항이지 ㅋㅋㅋㅋㅋㅋ','ㅋㅋㅋㅋㅋㅋㅋㅋㅋㅋㅋㅋㅋㅋㅋㅋ',NULL,NULL,NULL,NULL,NULL,'admin','관리자',NULL,NULL,NULL,NULL,226,NULL,NULL,NULL,NULL,NULL,NULL,NULL,NULL,NULL,NULL,'HOME',NULL,NULL,NULL,NULL),(30,NULL,NULL,NULL,'Y','이게 공지사항이지 ㅋㅋㅋㅋㅋㅋ','ㅋㅋㅋㅋㅋㅋㅋㅋㅋㅋㅋㅋㅋㅋㅋㅋ',NULL,NULL,NULL,NULL,NULL,'admin','관리자',NULL,NULL,NULL,NULL,226,NULL,NULL,NULL,NULL,NULL,NULL,NULL,NULL,NULL,NULL,'HOME',NULL,NULL,NULL,NULL),(31,NULL,NULL,NULL,'Y','이게 공지사항이지 ㅋㅋㅋㅋㅋㅋ','ㅋㅋㅋㅋㅋㅋㅋㅋㅋㅋㅋㅋㅋㅋㅋㅋ',NULL,NULL,NULL,NULL,NULL,'admin','관리자',NULL,NULL,NULL,NULL,226,NULL,NULL,NULL,NULL,NULL,NULL,NULL,NULL,NULL,NULL,'HOME',NULL,NULL,NULL,NULL),(32,NULL,NULL,NULL,'Y','이게 공지사항이지 ㅋㅋㅋㅋㅋㅋ','ㅋㅋㅋㅋㅋㅋㅋㅋㅋㅋㅋㅋㅋㅋㅋㅋ',NULL,NULL,NULL,NULL,NULL,'admin','관리자',NULL,NULL,NULL,NULL,226,NULL,NULL,NULL,NULL,NULL,NULL,NULL,NULL,NULL,NULL,'HOME',NULL,NULL,NULL,NULL),(33,NULL,NULL,NULL,'Y','이게 공지사항이지 ㅋㅋㅋㅋㅋㅋ','ㅋㅋㅋㅋㅋㅋㅋㅋㅋㅋㅋㅋㅋㅋㅋㅋ',NULL,NULL,NULL,NULL,NULL,'admin','관리자',NULL,NULL,NULL,NULL,226,NULL,NULL,NULL,NULL,NULL,NULL,NULL,NULL,NULL,NULL,'HOME',NULL,NULL,NULL,NULL),(34,NULL,NULL,NULL,'Y','이게 공지사항이지 ㅋㅋㅋㅋㅋㅋ','ㅋㅋㅋㅋㅋㅋㅋㅋㅋㅋㅋㅋㅋㅋㅋㅋ',NULL,NULL,NULL,NULL,NULL,'admin','관리자',NULL,NULL,NULL,NULL,226,NULL,NULL,NULL,NULL,NULL,NULL,NULL,NULL,NULL,NULL,'HOME',NULL,NULL,NULL,NULL),(35,NULL,NULL,NULL,'Y','이게 공지사항이지 ㅋㅋㅋㅋㅋㅋ','ㅋㅋㅋㅋㅋㅋㅋㅋㅋㅋㅋㅋㅋㅋㅋㅋ',NULL,NULL,NULL,NULL,NULL,'admin','관리자',NULL,NULL,NULL,NULL,226,NULL,NULL,NULL,NULL,NULL,NULL,NULL,NULL,NULL,NULL,'HOME',NULL,NULL,NULL,NULL),(36,NULL,NULL,NULL,'Y','이게 공지사항이지 ㅋㅋㅋㅋㅋㅋ','ㅋㅋㅋㅋㅋㅋㅋㅋㅋㅋㅋㅋㅋㅋㅋㅋ',NULL,NULL,NULL,NULL,NULL,'admin','관리자',NULL,NULL,NULL,NULL,226,NULL,NULL,NULL,NULL,NULL,NULL,NULL,NULL,NULL,NULL,'HOME',NULL,NULL,NULL,NULL),(37,NULL,NULL,NULL,'Y','이게 공지사항이지 ㅋㅋㅋㅋㅋㅋ','ㅋㅋㅋㅋㅋㅋㅋㅋㅋㅋㅋㅋㅋㅋㅋㅋ',NULL,NULL,NULL,NULL,NULL,'admin','관리자',NULL,NULL,NULL,NULL,226,NULL,NULL,NULL,NULL,NULL,NULL,NULL,NULL,NULL,NULL,'HOME',NULL,NULL,NULL,NULL),(38,NULL,NULL,NULL,'Y','이게 공지사항이지 ㅋㅋㅋㅋㅋㅋ','ㅋㅋㅋㅋㅋㅋㅋㅋㅋㅋㅋㅋㅋㅋㅋㅋ',NULL,NULL,NULL,NULL,NULL,'admin','관리자',NULL,NULL,NULL,NULL,226,NULL,NULL,NULL,NULL,NULL,NULL,NULL,NULL,NULL,NULL,'HOME',NULL,NULL,NULL,NULL),(39,NULL,NULL,NULL,'Y','이게 공지사항이지 ㅋㅋㅋㅋㅋㅋ','ㅋㅋㅋㅋㅋㅋㅋㅋㅋㅋㅋㅋㅋㅋㅋㅋ',NULL,NULL,NULL,NULL,NULL,'admin','관리자',NULL,NULL,NULL,NULL,226,NULL,NULL,NULL,NULL,NULL,NULL,NULL,NULL,NULL,NULL,'HOME',NULL,NULL,NULL,NULL),(40,NULL,NULL,NULL,'Y','이게 공지사항이지 ㅋㅋㅋㅋㅋㅋ','ㅋㅋㅋㅋㅋㅋㅋㅋㅋㅋㅋㅋㅋㅋㅋㅋ',NULL,NULL,NULL,NULL,NULL,'admin','관리자',NULL,NULL,NULL,NULL,226,NULL,NULL,NULL,NULL,NULL,NULL,NULL,NULL,NULL,NULL,'HOME',NULL,NULL,NULL,NULL),(41,NULL,NULL,NULL,'Y','이게 공지사항이지 ㅋㅋㅋㅋㅋㅋ','ㅋㅋㅋㅋㅋㅋㅋㅋㅋㅋㅋㅋㅋㅋㅋㅋ',NULL,NULL,NULL,NULL,NULL,'admin','관리자',NULL,NULL,NULL,NULL,226,NULL,NULL,NULL,NULL,NULL,NULL,NULL,NULL,NULL,NULL,'HOME',NULL,NULL,NULL,NULL),(42,NULL,NULL,NULL,'Y','이게 공지사항이지 ㅋㅋㅋㅋㅋㅋ','ㅋㅋㅋㅋㅋㅋㅋㅋㅋㅋㅋㅋㅋㅋㅋㅋ',NULL,NULL,NULL,NULL,NULL,'admin','관리자',NULL,NULL,NULL,NULL,226,NULL,NULL,NULL,NULL,NULL,NULL,NULL,NULL,NULL,NULL,'HOME',NULL,NULL,NULL,NULL),(43,NULL,NULL,NULL,'Y','이게 공지사항이지 ㅋㅋㅋㅋㅋㅋ','ㅋㅋㅋㅋㅋㅋㅋㅋㅋㅋㅋㅋㅋㅋㅋㅋ',NULL,NULL,NULL,NULL,NULL,'admin','관리자',NULL,NULL,NULL,NULL,226,NULL,NULL,NULL,NULL,NULL,NULL,NULL,NULL,NULL,NULL,'HOME',NULL,NULL,NULL,NULL),(44,NULL,NULL,NULL,'Y','이게 공지사항이지 ㅋㅋㅋㅋㅋㅋ','ㅋㅋㅋㅋㅋㅋㅋㅋㅋㅋㅋㅋㅋㅋㅋㅋ',NULL,NULL,NULL,NULL,NULL,'admin','관리자',NULL,NULL,NULL,NULL,226,NULL,NULL,NULL,NULL,NULL,NULL,NULL,NULL,NULL,NULL,'HOME',NULL,NULL,NULL,NULL),(45,NULL,NULL,NULL,'Y','이게 공지사항이지 ㅋㅋㅋㅋㅋㅋ','ㅋㅋㅋㅋㅋㅋㅋㅋㅋㅋㅋㅋㅋㅋㅋㅋ',NULL,NULL,NULL,NULL,NULL,'admin','관리자',NULL,NULL,NULL,NULL,226,NULL,NULL,NULL,NULL,NULL,NULL,NULL,NULL,NULL,NULL,'HOME',NULL,NULL,NULL,NULL),(46,NULL,NULL,NULL,'Y','이게 공지사항이지 ㅋㅋㅋㅋㅋㅋ','ㅋㅋㅋㅋㅋㅋㅋㅋㅋㅋㅋㅋㅋㅋㅋㅋ',NULL,NULL,NULL,NULL,NULL,'admin','관리자',NULL,NULL,NULL,NULL,226,NULL,NULL,NULL,NULL,NULL,NULL,NULL,NULL,NULL,NULL,'HOME',NULL,NULL,NULL,NULL),(47,NULL,NULL,NULL,'Y','이게 공지사항이지 ㅋㅋㅋㅋㅋㅋ','ㅋㅋㅋㅋㅋㅋㅋㅋㅋㅋㅋㅋㅋㅋㅋㅋ',NULL,NULL,NULL,NULL,NULL,'admin','관리자',NULL,NULL,NULL,NULL,226,NULL,NULL,NULL,NULL,NULL,NULL,NULL,NULL,NULL,NULL,'HOME',NULL,NULL,NULL,NULL),(48,NULL,NULL,NULL,'Y','이게 공지사항이지 ㅋㅋㅋㅋㅋㅋ','ㅋㅋㅋㅋㅋㅋㅋㅋㅋㅋㅋㅋㅋㅋㅋㅋ',NULL,NULL,NULL,NULL,NULL,'admin','관리자',NULL,NULL,NULL,NULL,226,NULL,NULL,NULL,NULL,NULL,NULL,NULL,NULL,NULL,NULL,'HOME',NULL,NULL,NULL,NULL),(49,NULL,NULL,NULL,'Y','이게 공지사항이지 ㅋㅋㅋㅋㅋㅋ','ㅋㅋㅋㅋㅋㅋㅋㅋㅋㅋㅋㅋㅋㅋㅋㅋ',NULL,NULL,NULL,NULL,NULL,'admin','관리자',NULL,NULL,NULL,NULL,226,NULL,NULL,NULL,NULL,NULL,NULL,NULL,NULL,NULL,NULL,'HOME',NULL,NULL,NULL,NULL),(50,NULL,NULL,NULL,'Y','이게 공지사항이지 ㅋㅋㅋㅋㅋㅋ','ㅋㅋㅋㅋㅋㅋㅋㅋㅋㅋㅋㅋㅋㅋㅋㅋ',NULL,NULL,NULL,NULL,NULL,'admin','관리자',NULL,NULL,NULL,NULL,226,NULL,NULL,NULL,NULL,NULL,NULL,NULL,NULL,NULL,NULL,'HOME',NULL,NULL,NULL,NULL),(51,NULL,NULL,NULL,'Y','이게 공지사항이지 ㅋㅋㅋㅋㅋㅋ','ㅋㅋㅋㅋㅋㅋㅋㅋㅋㅋㅋㅋㅋㅋㅋㅋ',NULL,NULL,NULL,NULL,NULL,'admin','관리자',NULL,NULL,NULL,NULL,226,NULL,NULL,NULL,NULL,NULL,NULL,NULL,NULL,NULL,NULL,'HOME',NULL,NULL,NULL,NULL),(52,NULL,NULL,NULL,'Y','이게 공지사항이지 ㅋㅋㅋㅋㅋㅋ','ㅋㅋㅋㅋㅋㅋㅋㅋㅋㅋㅋㅋㅋㅋㅋㅋ',NULL,NULL,NULL,NULL,NULL,'admin','관리자',NULL,NULL,NULL,NULL,226,NULL,NULL,NULL,NULL,NULL,NULL,NULL,NULL,NULL,NULL,'HOME',NULL,NULL,NULL,NULL),(53,NULL,NULL,NULL,'Y','이게 공지사항이지 ㅋㅋㅋㅋㅋㅋ','ㅋㅋㅋㅋㅋㅋㅋㅋㅋㅋㅋㅋㅋㅋㅋㅋ',NULL,NULL,NULL,NULL,NULL,'admin','관리자',NULL,NULL,NULL,NULL,226,NULL,NULL,NULL,NULL,NULL,NULL,NULL,NULL,NULL,NULL,'HOME',NULL,NULL,NULL,NULL),(54,NULL,NULL,NULL,'Y','이게 공지사항이지 ㅋㅋㅋㅋㅋㅋ','ㅋㅋㅋㅋㅋㅋㅋㅋㅋㅋㅋㅋㅋㅋㅋㅋ',NULL,NULL,NULL,NULL,NULL,'admin','관리자',NULL,NULL,NULL,NULL,226,NULL,NULL,NULL,NULL,NULL,NULL,NULL,NULL,NULL,NULL,'HOME',NULL,NULL,NULL,NULL),(55,NULL,NULL,NULL,'Y','이게 공지사항이지 ㅋㅋㅋㅋㅋㅋ','ㅋㅋㅋㅋㅋㅋㅋㅋㅋㅋㅋㅋㅋㅋㅋㅋ',NULL,NULL,NULL,NULL,NULL,'admin','관리자',NULL,NULL,NULL,NULL,226,NULL,NULL,NULL,NULL,NULL,NULL,NULL,NULL,NULL,NULL,'HOME',NULL,NULL,NULL,NULL),(56,NULL,NULL,NULL,'Y','이게 공지사항이지 ㅋㅋㅋㅋㅋㅋ','ㅋㅋㅋㅋㅋㅋㅋㅋㅋㅋㅋㅋㅋㅋㅋㅋ',NULL,NULL,NULL,NULL,NULL,'admin','관리자',NULL,NULL,NULL,NULL,226,NULL,NULL,NULL,NULL,NULL,NULL,NULL,NULL,NULL,NULL,'HOME',NULL,NULL,NULL,NULL),(57,NULL,NULL,NULL,'Y','이게 공지사항이지 ㅋㅋㅋㅋㅋㅋ','ㅋㅋㅋㅋㅋㅋㅋㅋㅋㅋㅋㅋㅋㅋㅋㅋ',NULL,NULL,NULL,NULL,NULL,'admin','관리자',NULL,NULL,NULL,NULL,226,NULL,NULL,NULL,NULL,NULL,NULL,NULL,NULL,NULL,NULL,'HOME',NULL,NULL,NULL,NULL),(58,NULL,NULL,NULL,'Y','이게 공지사항이지 ㅋㅋㅋㅋㅋㅋ','ㅋㅋㅋㅋㅋㅋㅋㅋㅋㅋㅋㅋㅋㅋㅋㅋ',NULL,NULL,NULL,NULL,NULL,'admin','관리자',NULL,NULL,NULL,NULL,226,NULL,NULL,NULL,NULL,NULL,NULL,NULL,NULL,NULL,NULL,'HOME',NULL,NULL,NULL,NULL),(59,NULL,NULL,NULL,'Y','이게 공지사항이지 ㅋㅋㅋㅋㅋㅋ','ㅋㅋㅋㅋㅋㅋㅋㅋㅋㅋㅋㅋㅋㅋㅋㅋ',NULL,NULL,NULL,NULL,NULL,'admin','관리자',NULL,NULL,NULL,NULL,226,NULL,NULL,NULL,NULL,NULL,NULL,NULL,NULL,NULL,NULL,'HOME',NULL,NULL,NULL,NULL),(60,NULL,NULL,NULL,'Y','이게 공지사항이지 ㅋㅋㅋㅋㅋㅋ','ㅋㅋㅋㅋㅋㅋㅋㅋㅋㅋㅋㅋㅋㅋㅋㅋ',NULL,NULL,NULL,NULL,NULL,'admin','관리자',NULL,NULL,NULL,NULL,226,NULL,NULL,NULL,NULL,NULL,NULL,NULL,NULL,NULL,NULL,'HOME',NULL,NULL,NULL,NULL),(61,NULL,NULL,NULL,'Y','이게 공지사항이지 ㅋㅋㅋㅋㅋㅋ','ㅋㅋㅋㅋㅋㅋㅋㅋㅋㅋㅋㅋㅋㅋㅋㅋ',NULL,NULL,NULL,NULL,NULL,'admin','관리자',NULL,NULL,NULL,NULL,226,NULL,NULL,NULL,NULL,NULL,NULL,NULL,NULL,NULL,NULL,'HOME',NULL,NULL,NULL,NULL),(62,NULL,NULL,NULL,'Y','이게 공지사항이지 ㅋㅋㅋㅋㅋㅋ','ㅋㅋㅋㅋㅋㅋㅋㅋㅋㅋㅋㅋㅋㅋㅋㅋ',NULL,NULL,NULL,NULL,NULL,'admin','관리자',NULL,NULL,NULL,NULL,226,NULL,NULL,NULL,NULL,NULL,NULL,NULL,NULL,NULL,NULL,'HOME',NULL,NULL,NULL,NULL),(63,NULL,NULL,NULL,'Y','이게 공지사항이지 ㅋㅋㅋㅋㅋㅋ','ㅋㅋㅋㅋㅋㅋㅋㅋㅋㅋㅋㅋㅋㅋㅋㅋ',NULL,NULL,NULL,NULL,NULL,'admin','관리자',NULL,NULL,NULL,NULL,226,NULL,NULL,NULL,NULL,NULL,NULL,NULL,NULL,NULL,NULL,'HOME',NULL,NULL,NULL,NULL),(64,NULL,NULL,NULL,'Y','이게 공지사항이지 ㅋㅋㅋㅋㅋㅋ','ㅋㅋㅋㅋㅋㅋㅋㅋㅋㅋㅋㅋㅋㅋㅋㅋ',NULL,NULL,NULL,NULL,NULL,'admin','관리자',NULL,NULL,NULL,NULL,226,NULL,NULL,NULL,NULL,NULL,NULL,NULL,NULL,NULL,NULL,'HOME',NULL,NULL,NULL,NULL),(65,NULL,NULL,NULL,'Y','이게 공지사항이지 ㅋㅋㅋㅋㅋㅋ','ㅋㅋㅋㅋㅋㅋㅋㅋㅋㅋㅋㅋㅋㅋㅋㅋ',NULL,NULL,NULL,NULL,NULL,'admin','관리자',NULL,NULL,NULL,NULL,226,NULL,NULL,NULL,NULL,NULL,NULL,NULL,NULL,NULL,NULL,'HOME',NULL,NULL,NULL,NULL),(66,NULL,NULL,NULL,'Y','이게 공지사항이지 ㅋㅋㅋㅋㅋㅋ','ㅋㅋㅋㅋㅋㅋㅋㅋㅋㅋㅋㅋㅋㅋㅋㅋ',NULL,NULL,NULL,NULL,NULL,'admin','관리자',NULL,NULL,NULL,NULL,226,NULL,NULL,NULL,NULL,NULL,NULL,NULL,NULL,NULL,NULL,'HOME',NULL,NULL,NULL,NULL),(67,NULL,NULL,NULL,'Y','이게 공지사항이지 ㅋㅋㅋㅋㅋㅋ','ㅋㅋㅋㅋㅋㅋㅋㅋㅋㅋㅋㅋㅋㅋㅋㅋ',NULL,NULL,NULL,NULL,NULL,'admin','관리자',NULL,NULL,NULL,NULL,226,NULL,NULL,NULL,NULL,NULL,NULL,NULL,NULL,NULL,NULL,'HOME',NULL,NULL,NULL,NULL),(68,NULL,NULL,NULL,'Y','이게 공지사항이지 ㅋㅋㅋㅋㅋㅋ','ㅋㅋㅋㅋㅋㅋㅋㅋㅋㅋㅋㅋㅋㅋㅋㅋ',NULL,NULL,NULL,NULL,NULL,'admin','관리자',NULL,NULL,NULL,NULL,226,NULL,NULL,NULL,NULL,NULL,NULL,NULL,NULL,NULL,NULL,'HOME',NULL,NULL,NULL,NULL),(69,NULL,NULL,NULL,'Y','이게 공지사항이지 ㅋㅋㅋㅋㅋㅋ','ㅋㅋㅋㅋㅋㅋㅋㅋㅋㅋㅋㅋㅋㅋㅋㅋ',NULL,NULL,NULL,NULL,NULL,'admin','관리자',NULL,NULL,NULL,NULL,226,NULL,NULL,NULL,NULL,NULL,NULL,NULL,NULL,NULL,NULL,'HOME',NULL,NULL,NULL,NULL),(70,NULL,NULL,NULL,'Y','이게 공지사항이지 ㅋㅋㅋㅋㅋㅋ','ㅋㅋㅋㅋㅋㅋㅋㅋㅋㅋㅋㅋㅋㅋㅋㅋ',NULL,NULL,NULL,NULL,NULL,'admin','관리자',NULL,NULL,NULL,NULL,226,NULL,NULL,NULL,NULL,NULL,NULL,NULL,NULL,NULL,NULL,'HOME',NULL,NULL,NULL,NULL),(71,NULL,NULL,NULL,'Y','이게 공지사항이지 ㅋㅋㅋㅋㅋㅋ','ㅋㅋㅋㅋㅋㅋㅋㅋㅋㅋㅋㅋㅋㅋㅋㅋ',NULL,NULL,NULL,NULL,NULL,'admin','관리자',NULL,NULL,NULL,NULL,226,NULL,NULL,NULL,NULL,NULL,NULL,NULL,NULL,NULL,NULL,'HOME',NULL,NULL,NULL,NULL),(72,NULL,NULL,NULL,'Y','이게 공지사항이지 ㅋㅋㅋㅋㅋㅋ','ㅋㅋㅋㅋㅋㅋㅋㅋㅋㅋㅋㅋㅋㅋㅋㅋ',NULL,NULL,NULL,NULL,NULL,'admin','관리자',NULL,NULL,NULL,NULL,226,NULL,NULL,NULL,NULL,NULL,NULL,NULL,NULL,NULL,NULL,'HOME',NULL,NULL,NULL,NULL),(73,NULL,NULL,NULL,'Y','이게 공지사항이지 ㅋㅋㅋㅋㅋㅋ','ㅋㅋㅋㅋㅋㅋㅋㅋㅋㅋㅋㅋㅋㅋㅋㅋ',NULL,NULL,NULL,NULL,NULL,'admin','관리자',NULL,NULL,NULL,NULL,226,NULL,NULL,NULL,NULL,NULL,NULL,NULL,NULL,NULL,NULL,'HOME',NULL,NULL,NULL,NULL),(74,NULL,NULL,NULL,'Y','이게 공지사항이지 ㅋㅋㅋㅋㅋㅋ','ㅋㅋㅋㅋㅋㅋㅋㅋㅋㅋㅋㅋㅋㅋㅋㅋ',NULL,NULL,NULL,NULL,NULL,'admin','관리자',NULL,NULL,NULL,NULL,226,NULL,NULL,NULL,NULL,NULL,NULL,NULL,NULL,NULL,NULL,'HOME',NULL,NULL,NULL,NULL),(75,NULL,NULL,NULL,'Y','이게 공지사항이지 ㅋㅋㅋㅋㅋㅋ','ㅋㅋㅋㅋㅋㅋㅋㅋㅋㅋㅋㅋㅋㅋㅋㅋ',NULL,NULL,NULL,NULL,NULL,'admin','관리자',NULL,NULL,NULL,NULL,226,NULL,NULL,NULL,NULL,NULL,NULL,NULL,NULL,NULL,NULL,'HOME',NULL,NULL,NULL,NULL),(76,NULL,NULL,NULL,'Y','이게 공지사항이지 ㅋㅋㅋㅋㅋㅋ','ㅋㅋㅋㅋㅋㅋㅋㅋㅋㅋㅋㅋㅋㅋㅋㅋ',NULL,NULL,NULL,NULL,NULL,'admin','관리자',NULL,NULL,NULL,NULL,226,NULL,NULL,NULL,NULL,NULL,NULL,NULL,NULL,NULL,NULL,'HOME',NULL,NULL,NULL,NULL),(77,NULL,NULL,NULL,'Y','이게 공지사항이지 ㅋㅋㅋㅋㅋㅋ','ㅋㅋㅋㅋㅋㅋㅋㅋㅋㅋㅋㅋㅋㅋㅋㅋ',NULL,NULL,NULL,NULL,NULL,'admin','관리자',NULL,NULL,NULL,NULL,226,NULL,NULL,NULL,NULL,NULL,NULL,NULL,NULL,NULL,NULL,'HOME',NULL,NULL,NULL,NULL),(78,NULL,NULL,NULL,'Y','이게 공지사항이지 ㅋㅋㅋㅋㅋㅋ','ㅋㅋㅋㅋㅋㅋㅋㅋㅋㅋㅋㅋㅋㅋㅋㅋ',NULL,NULL,NULL,NULL,NULL,'admin','관리자',NULL,NULL,NULL,NULL,226,NULL,NULL,NULL,NULL,NULL,NULL,NULL,NULL,NULL,NULL,'HOME',NULL,NULL,NULL,NULL),(79,NULL,NULL,NULL,'Y','이게 공지사항이지 ㅋㅋㅋㅋㅋㅋ','ㅋㅋㅋㅋㅋㅋㅋㅋㅋㅋㅋㅋㅋㅋㅋㅋ',NULL,NULL,NULL,NULL,NULL,'admin','관리자',NULL,NULL,NULL,NULL,226,NULL,NULL,NULL,NULL,NULL,NULL,NULL,NULL,NULL,NULL,'HOME',NULL,NULL,NULL,NULL),(80,NULL,NULL,NULL,'Y','이게 공지사항이지 ㅋㅋㅋㅋㅋㅋ','ㅋㅋㅋㅋㅋㅋㅋㅋㅋㅋㅋㅋㅋㅋㅋㅋ',NULL,NULL,NULL,NULL,NULL,'admin','관리자',NULL,NULL,NULL,NULL,226,NULL,NULL,NULL,NULL,NULL,NULL,NULL,NULL,NULL,NULL,'HOME',NULL,NULL,NULL,NULL),(81,NULL,NULL,NULL,'Y','이게 공지사항이지 ㅋㅋㅋㅋㅋㅋ','ㅋㅋㅋㅋㅋㅋㅋㅋㅋㅋㅋㅋㅋㅋㅋㅋ',NULL,NULL,NULL,NULL,NULL,'admin','관리자',NULL,NULL,NULL,NULL,226,NULL,NULL,NULL,NULL,NULL,NULL,NULL,NULL,NULL,NULL,'HOME',NULL,NULL,NULL,NULL),(82,NULL,NULL,NULL,'Y','이게 공지사항이지 ㅋㅋㅋㅋㅋㅋ','ㅋㅋㅋㅋㅋㅋㅋㅋㅋㅋㅋㅋㅋㅋㅋㅋ',NULL,NULL,NULL,NULL,NULL,'admin','관리자',NULL,NULL,NULL,NULL,226,NULL,NULL,NULL,NULL,NULL,NULL,NULL,NULL,NULL,NULL,'HOME',NULL,NULL,NULL,NULL),(83,NULL,NULL,NULL,'Y','이게 공지사항이지 ㅋㅋㅋㅋㅋㅋ','ㅋㅋㅋㅋㅋㅋㅋㅋㅋㅋㅋㅋㅋㅋㅋㅋ',NULL,NULL,NULL,NULL,NULL,'admin','관리자',NULL,NULL,NULL,NULL,226,NULL,NULL,NULL,NULL,NULL,NULL,NULL,NULL,NULL,NULL,'HOME',NULL,NULL,NULL,NULL),(84,NULL,NULL,NULL,'Y','이게 공지사항이지 ㅋㅋㅋㅋㅋㅋ','ㅋㅋㅋㅋㅋㅋㅋㅋㅋㅋㅋㅋㅋㅋㅋㅋ',NULL,NULL,NULL,NULL,NULL,'admin','관리자',NULL,NULL,NULL,NULL,226,NULL,NULL,NULL,NULL,NULL,NULL,NULL,NULL,NULL,NULL,'HOME',NULL,NULL,NULL,NULL),(85,NULL,NULL,NULL,'Y','이게 공지사항이지 ㅋㅋㅋㅋㅋㅋ','ㅋㅋㅋㅋㅋㅋㅋㅋㅋㅋㅋㅋㅋㅋㅋㅋ',NULL,NULL,NULL,NULL,NULL,'admin','관리자',NULL,NULL,NULL,NULL,226,NULL,NULL,NULL,NULL,NULL,NULL,NULL,NULL,NULL,NULL,'HOME',NULL,NULL,NULL,NULL),(86,NULL,NULL,NULL,'Y','이게 공지사항이지 ㅋㅋㅋㅋㅋㅋ','ㅋㅋㅋㅋㅋㅋㅋㅋㅋㅋㅋㅋㅋㅋㅋㅋ',NULL,NULL,NULL,NULL,NULL,'admin','관리자',NULL,NULL,NULL,NULL,226,NULL,NULL,NULL,NULL,NULL,NULL,NULL,NULL,NULL,NULL,'HOME',NULL,NULL,NULL,NULL),(87,NULL,NULL,NULL,'Y','이게 공지사항이지 ㅋㅋㅋㅋㅋㅋ','ㅋㅋㅋㅋㅋㅋㅋㅋㅋㅋㅋㅋㅋㅋㅋㅋ',NULL,NULL,NULL,NULL,NULL,'admin','관리자',NULL,NULL,NULL,NULL,226,NULL,NULL,NULL,NULL,NULL,NULL,NULL,NULL,NULL,NULL,'HOME',NULL,NULL,NULL,NULL),(88,NULL,NULL,NULL,'Y','이게 공지사항이지 ㅋㅋㅋㅋㅋㅋ','ㅋㅋㅋㅋㅋㅋㅋㅋㅋㅋㅋㅋㅋㅋㅋㅋ',NULL,NULL,NULL,NULL,NULL,'admin','관리자',NULL,NULL,NULL,NULL,226,NULL,NULL,NULL,NULL,NULL,NULL,NULL,NULL,NULL,NULL,'HOME',NULL,NULL,NULL,NULL),(89,NULL,NULL,NULL,'Y','이게 공지사항이지 ㅋㅋㅋㅋㅋㅋ','ㅋㅋㅋㅋㅋㅋㅋㅋㅋㅋㅋㅋㅋㅋㅋㅋ',NULL,NULL,NULL,NULL,NULL,'admin','관리자',NULL,NULL,NULL,NULL,226,NULL,NULL,NULL,NULL,NULL,NULL,NULL,NULL,NULL,NULL,'HOME',NULL,NULL,NULL,NULL),(96,NULL,NULL,NULL,'Y','ㅋㅋㅋㅋ','<table border=\"1\" cellpadding=\"1\" cellspacing=\"1\" style=\"width: 500px;\">\r\n	<tbody>\r\n		<tr>\r\n			<td>와</td>\r\n			<td>이</td>\r\n			<td>게</td>\r\n			<td>머</td>\r\n			<td>선</td>\r\n		</tr>\r\n		<tr>\r\n			<td>1</td>\r\n			<td>2</td>\r\n			<td>9</td>\r\n			<td>&nbsp;</td>\r\n			<td>&nbsp;</td>\r\n		</tr>\r\n		<tr>\r\n			<td>&nbsp;</td>\r\n			<td>&nbsp;</td>\r\n			<td>&nbsp;</td>\r\n			<td>&nbsp;</td>\r\n			<td>&nbsp;</td>\r\n		</tr>\r\n		<tr>\r\n			<td>&nbsp;</td>\r\n			<td>&nbsp;</td>\r\n			<td>&nbsp;</td>\r\n			<td>&nbsp;</td>\r\n			<td>&nbsp;</td>\r\n		</tr>\r\n	</tbody>\r\n</table>\r\n',NULL,NULL,NULL,NULL,NULL,'admin','관리자',NULL,NULL,NULL,NULL,226,NULL,NULL,NULL,NULL,NULL,NULL,NULL,NULL,NULL,NULL,'HOME',NULL,NULL,NULL,NULL),(97,NULL,NULL,NULL,'Y','zz','<img alt=\"\" src=\"/uploads/images/다운로드1620322859352.jfif\" style=\"width: 259px; height: 194px;\" />',NULL,NULL,NULL,NULL,NULL,'admin','관리자',NULL,NULL,NULL,NULL,226,NULL,NULL,NULL,NULL,NULL,NULL,NULL,NULL,NULL,NULL,'HOME',NULL,NULL,NULL,NULL),(98,NULL,NULL,NULL,'Y','이게 공지사항이지 ㅋㅋㅋㅋㅋㅋ','ㅋㅋㅋㅋㅋㅋㅋㅋㅋㅋㅋㅋㅋㅋㅋㅋ',NULL,NULL,NULL,NULL,NULL,'admin','관리자',NULL,NULL,NULL,NULL,226,NULL,NULL,NULL,NULL,NULL,NULL,NULL,NULL,NULL,NULL,'HOME',NULL,NULL,NULL,NULL),(99,NULL,NULL,NULL,NULL,'test','test',NULL,NULL,NULL,NULL,NULL,'admin','관리자',NULL,NULL,NULL,NULL,226,NULL,NULL,NULL,NULL,NULL,NULL,'','','',NULL,NULL,NULL,'','2021-05-27','2021-05-27'),(100,NULL,NULL,NULL,NULL,'tet','testtt',NULL,NULL,NULL,NULL,NULL,'admin','관리자',NULL,NULL,NULL,NULL,226,NULL,NULL,NULL,NULL,NULL,NULL,'','','',NULL,NULL,NULL,'','2021-05-27','2021-05-27'),(101,NULL,NULL,NULL,NULL,'test','testtttt',NULL,NULL,NULL,NULL,NULL,'admin','관리자',NULL,NULL,NULL,NULL,226,NULL,NULL,NULL,NULL,NULL,NULL,'','','',NULL,NULL,NULL,'','2021-05-27','2021-05-27'),(102,NULL,NULL,NULL,NULL,'setestse','estsetsdcvsdg',NULL,NULL,NULL,NULL,NULL,'admin','관리자',NULL,NULL,NULL,NULL,226,NULL,NULL,NULL,NULL,NULL,NULL,'','','',NULL,NULL,NULL,'','2021-05-27','2021-05-27'),(103,NULL,NULL,NULL,NULL,'test','test',NULL,NULL,NULL,NULL,NULL,'admin','관리자',NULL,NULL,NULL,NULL,226,NULL,NULL,NULL,NULL,NULL,NULL,'','','',NULL,NULL,NULL,'','2021-05-27','2021-05-27'),(104,NULL,NULL,NULL,NULL,'test','test',NULL,NULL,NULL,NULL,NULL,'admin','관리자',NULL,NULL,NULL,NULL,226,NULL,NULL,NULL,NULL,NULL,NULL,'','','',NULL,NULL,NULL,'','2021-05-27','2021-05-27'),(105,NULL,NULL,NULL,NULL,'test','test',NULL,NULL,NULL,NULL,NULL,'admin','관리자',NULL,NULL,NULL,NULL,226,NULL,NULL,NULL,NULL,NULL,NULL,'','','',NULL,NULL,NULL,'','2021-05-27','2021-05-27'),(106,NULL,NULL,NULL,NULL,'test','test',NULL,NULL,NULL,NULL,NULL,'admin','관리자',NULL,NULL,NULL,NULL,226,NULL,NULL,NULL,NULL,NULL,NULL,'','','',NULL,NULL,NULL,'','2021-05-27','2021-05-27'),(107,NULL,NULL,NULL,NULL,'testtttt','testt',NULL,NULL,NULL,NULL,NULL,'admin','관리자',NULL,NULL,NULL,NULL,226,NULL,NULL,NULL,NULL,NULL,NULL,'','','',NULL,NULL,NULL,'','2021-05-27','2021-05-27'),(108,NULL,NULL,NULL,NULL,'1234','1234',NULL,NULL,NULL,NULL,NULL,'admin','관리자',NULL,NULL,NULL,NULL,226,NULL,NULL,NULL,NULL,NULL,NULL,'','','',NULL,NULL,NULL,'','2021-05-27','2021-05-27'),(109,NULL,NULL,NULL,NULL,'asdf','asdfff',NULL,NULL,NULL,NULL,NULL,'admin','관리자',NULL,NULL,NULL,NULL,226,NULL,NULL,NULL,NULL,NULL,NULL,'','','',NULL,NULL,NULL,'','2021-05-27','2021-05-27'),(110,NULL,NULL,NULL,NULL,'asfasfasf','asfasfasfgf',NULL,NULL,NULL,NULL,NULL,'admin','관리자',NULL,NULL,NULL,NULL,226,NULL,NULL,NULL,NULL,NULL,NULL,'','','',NULL,NULL,NULL,'','2021-05-27','2021-05-30'),(111,NULL,NULL,NULL,NULL,'ㅅㄷㄴㅅ','ㅅㄷㄴㅅㄴㄷㅅㄴㄷㅅ',NULL,NULL,NULL,NULL,NULL,'admin','관리자',NULL,NULL,NULL,NULL,228,NULL,NULL,NULL,NULL,NULL,NULL,'','','',NULL,NULL,NULL,'','2021-05-28','2021-05-28'),(112,NULL,NULL,NULL,NULL,'니니','니나니뇨 니  \nhow you been???? ',NULL,NULL,NULL,NULL,0,'saeroom','이새롬',NULL,NULL,NULL,NULL,228,NULL,NULL,NULL,NULL,NULL,NULL,'','','',NULL,NULL,NULL,'','2021-06-05','2021-06-05');
/*!40000 ALTER TABLE `tb_board` ENABLE KEYS */;
UNLOCK TABLES;

--
-- Table structure for table `tb_boardmgr`
--

DROP TABLE IF EXISTS `tb_boardmgr`;
/*!40101 SET @saved_cs_client     = @@character_set_client */;
/*!50503 SET character_set_client = utf8mb4 */;
CREATE TABLE `tb_boardmgr` (
  `BRD_MGRNO` int NOT NULL AUTO_INCREMENT,
  `BRD_NM` varchar(100) DEFAULT NULL,
  `BRD_SNM` varchar(50) DEFAULT NULL,
  `BRD_SKIN_CD` varchar(10) DEFAULT NULL,
  `USE_YN` varchar(1) DEFAULT NULL,
  `LIST_CNT` int DEFAULT NULL,
  `DELFLAG` varchar(10) DEFAULT NULL,
  `WRITE_AUTH_CD` varchar(10) DEFAULT NULL,
  `ATTACH_FILE_CNT` int DEFAULT NULL,
  `WRITER_USE_YN` varchar(1) DEFAULT NULL,
  `EMAIL_USE_YN` varchar(1) DEFAULT NULL,
  `TERM_USE_YN` varchar(1) DEFAULT NULL,
  `SECRET_USE_YN` varchar(1) DEFAULT NULL,
  `REPLY_USE_YN` varchar(1) DEFAULT NULL,
  `REGDT_USE_YN` varchar(1) DEFAULT NULL,
  `CMT_USE_YN` varchar(1) DEFAULT NULL,
  `THM_WIDTH_SIZE` varchar(10) DEFAULT NULL,
  `THM_HEIGHT_SIZE` varchar(10) DEFAULT NULL,
  `BRD_DESC` varchar(1000) DEFAULT NULL,
  `REG_IP` varchar(20) DEFAULT NULL,
  `BRD_REG_CNT` int DEFAULT '0',
  `DATE_USE_YN` varchar(1) DEFAULT NULL,
  `DATE_TITLE` varchar(100) DEFAULT NULL,
  `TERM_SDT_TITLE` varchar(100) DEFAULT NULL,
  `TERM_EDT_TITLE` varchar(100) DEFAULT NULL,
  `ETC_FIELD1_USE_YN` varchar(1) DEFAULT NULL,
  `ETC_FIELD1_TITLE` varchar(100) DEFAULT NULL,
  `ETC_FIELD2_USE_YN` varchar(1) DEFAULT NULL,
  `ETC_FIELD2_TITLE` varchar(100) DEFAULT NULL,
  `ETC_FIELD3_USE_YN` varchar(1) DEFAULT NULL,
  `ETC_FIELD3_TITLE` varchar(100) DEFAULT NULL,
  `URL_USE_YN` varchar(1) DEFAULT NULL,
  `POPSIZE_USE_YN` varchar(1) DEFAULT NULL,
  `DIRECT_URL_USE_YN` varchar(1) DEFAULT NULL,
  `CATE_CD_USE_YN` varchar(1) DEFAULT NULL,
  `CATE_CD` varchar(10) DEFAULT NULL,
  `TOP_FIX_USE_YN` varchar(1) DEFAULT NULL,
  `CATE_CD_TITLE` varchar(50) DEFAULT NULL,
  `SITE_GB` varchar(10) DEFAULT NULL,
  `SITE_SHARE_YN` varchar(1) DEFAULT NULL,
  `TOTAL_SEARCH_USE_YN` varchar(1) DEFAULT NULL,
  `ORD_USE_YN` varchar(1) DEFAULT NULL,
  `CTNT_USE_YN` varchar(1) DEFAULT NULL,
  `ETC_FIELD4_USE_YN` varchar(1) DEFAULT NULL,
  `ETC_FIELD4_TITLE` varchar(100) DEFAULT NULL,
  `CreatedAt` date DEFAULT NULL,
  `UpdatedAt` date DEFAULT NULL,
  PRIMARY KEY (`BRD_MGRNO`) USING BTREE
) ENGINE=InnoDB AUTO_INCREMENT=236 DEFAULT CHARSET=utf8;
/*!40101 SET character_set_client = @saved_cs_client */;

--
-- Dumping data for table `tb_boardmgr`
--

LOCK TABLES `tb_boardmgr` WRITE;
/*!40000 ALTER TABLE `tb_boardmgr` DISABLE KEYS */;
INSERT INTO `tb_boardmgr` VALUES (226,'공지사항','TatooCok','LIST','Y',10,'Y','ADMIN',1,'N','N','N',NULL,'N','N','N','10','100','','0:0:0:0:0:0:0:1',1,'N','날짜','시작일','종료일','N','','N','','N','','N','N','N','N','','N','카테고리','ALL',NULL,'N','N','Y','N','',NULL,NULL),(227,'메인팝업관리','TatooCok','LISTIMAGE','Y',10,'DEL','ALL',0,'N','N','Y',NULL,'N','N','N','','','','0:0:0:0:0:0:0:1',0,'N','날짜','시작일','종료일','N','','N','','N','','N','Y','N','N','','N','카테고리','HOME',NULL,'N','N','Y','N','',NULL,NULL),(228,'1:1문의','TatooCok','LIST','Y',10,'DEL','ALL',1,'N','N','N',NULL,'N','Y','N','','','','0:0:0:0:0:0:0:1',0,'N','날짜','시작일','종료일','N','','N','','N','','N','N','N','N','','N','카테고리','ALL',NULL,'N','N','Y','N','',NULL,NULL),(229,'구인게시판','TatooCOk','LIST','Y',10,'N','ALL',5,'N','N','Y','N','N','N',NULL,'','','',NULL,0,'N','날짜','시작일','종료일','N','','N','','N','','N','N','N','N','','N','카테고리','ALL',NULL,'N','N','N','N','',NULL,NULL);
/*!40000 ALTER TABLE `tb_boardmgr` ENABLE KEYS */;
UNLOCK TABLES;

--
-- Table structure for table `tb_code`
--

DROP TABLE IF EXISTS `tb_code`;
/*!40101 SET @saved_cs_client     = @@character_set_client */;
/*!50503 SET character_set_client = utf8mb4 */;
CREATE TABLE `tb_code` (
  `CD_TYPE` varchar(10) DEFAULT NULL,
  `COMM_CD` varchar(20) DEFAULT NULL,
  `CD_NM` varchar(50) DEFAULT NULL,
  `CD_NM2` varchar(50) DEFAULT NULL,
  `ORD` int DEFAULT NULL,
  `CD_DESC` varchar(1000) DEFAULT NULL,
  `id` int NOT NULL AUTO_INCREMENT,
  `CreatedAt` date DEFAULT NULL,
  `UpdatedAt` date DEFAULT NULL,
  PRIMARY KEY (`id`)
) ENGINE=InnoDB AUTO_INCREMENT=383 DEFAULT CHARSET=utf8;
/*!40101 SET character_set_client = @saved_cs_client */;

--
-- Dumping data for table `tb_code`
--

LOCK TABLES `tb_code` WRITE;
/*!40000 ALTER TABLE `tb_code` DISABLE KEYS */;
INSERT INTO `tb_code` VALUES ('SITEGB','HOME','BITECO',NULL,10,NULL,1,NULL,NULL),('MENU','HOME','BITECO',NULL,200,'1',2,NULL,NULL),('SKIN','*','게시판스킨',NULL,1,NULL,3,NULL,NULL),('SKIN','LIST','리스트형',NULL,10,NULL,4,NULL,NULL),('URLTGT','*','Url타켓',NULL,1,NULL,5,NULL,NULL),('SKIN','FAQ','FAQ형',NULL,40,NULL,6,NULL,NULL),('MENU','ADMIN','관리자메뉴',NULL,500,'9',7,NULL,NULL),('USERGRD','ADMIN','관리자',NULL,10,NULL,8,NULL,NULL),('USERGRD','MANAGER','매니저',NULL,20,NULL,9,NULL,NULL),('USERGRD','USER','일반사용자',NULL,40,NULL,10,NULL,NULL),('USERGRD','*','사용자그룹',NULL,1,NULL,11,NULL,NULL),('MENU','*','메뉴대분류',NULL,1,NULL,12,NULL,NULL),('USEYN','*','사용여부',NULL,1,NULL,13,NULL,NULL),('USEYN','Y','사용',NULL,1,NULL,14,NULL,NULL),('USEYN','N','사용하지않음',NULL,2,NULL,15,NULL,NULL),('DELGB','*','데이터삭제여부',NULL,1,NULL,16,NULL,NULL),('DELGB','DB','DB삭제Flag',NULL,1,NULL,17,NULL,NULL),('DELGB','DEL','영구삭제',NULL,2,NULL,18,NULL,NULL),('WAUTH','*','게시판글쓰기권한',NULL,1,NULL,19,NULL,NULL),('WAUTH','ALL','전체',NULL,1,NULL,20,NULL,NULL),('WAUTH','ADMIN','관리자',NULL,2,NULL,21,NULL,NULL),('WAUTH','USER','회원',NULL,3,NULL,22,NULL,NULL),('WAUTH','NOWRITE','글쓰기없음',NULL,4,NULL,23,NULL,NULL),('SKIN','LISTIMAGE','리스트이미지',NULL,30,NULL,24,NULL,NULL),('URLTGT','_self','Self',NULL,10,NULL,25,NULL,NULL),('URLTGT','_blank','새창으로',NULL,20,NULL,26,NULL,NULL),('TEL','*','전화번호',NULL,1,NULL,27,NULL,NULL),('TEL','010','010',NULL,10,NULL,28,NULL,NULL),('TEL','011','011',NULL,20,NULL,29,NULL,NULL),('TEL','016','016',NULL,30,NULL,30,NULL,NULL),('TEL','017','017',NULL,40,NULL,31,NULL,NULL),('TEL','019','019',NULL,50,NULL,32,NULL,NULL),('EMAIL','*','이메일',NULL,1,NULL,33,NULL,NULL),('MENU','ALL','사이트전체',NULL,100,NULL,34,NULL,NULL),('MENU','COMMON','공통',NULL,600,NULL,35,NULL,NULL),('SITEGB','*','사이트구분코드',NULL,1,NULL,36,NULL,NULL),('REGION1','*','서울',NULL,1,NULL,59,NULL,NULL),('REGION2','*','경기',NULL,1,NULL,60,NULL,NULL),('REGION3','*','인천',NULL,1,NULL,61,NULL,NULL),('REGION4','*','강원',NULL,1,NULL,62,NULL,NULL),('REGION5','*','대전',NULL,1,NULL,63,NULL,NULL),('REGION7','*','충남',NULL,1,NULL,65,NULL,NULL),('REGION8','*','충북',NULL,1,NULL,66,NULL,NULL),('REGION9','*','부산',NULL,1,NULL,67,NULL,NULL),('REGION10','*','울산',NULL,1,NULL,68,NULL,NULL),('REGION11','*','경남',NULL,1,NULL,69,NULL,NULL),('REGION12','*','경북',NULL,1,NULL,70,NULL,NULL),('REGION13','*','대구',NULL,1,NULL,71,NULL,NULL),('REGION14','*','광주',NULL,1,NULL,72,NULL,NULL),('REGION15','*','전남',NULL,1,NULL,73,NULL,NULL),('REGION16','*','전북',NULL,1,NULL,74,NULL,NULL),('REGION6','*','제주',NULL,1,NULL,75,NULL,NULL),('REGION1','GN','강남구',NULL,1,NULL,77,NULL,NULL),('REGION1','GD','강동구',NULL,1,NULL,78,NULL,NULL),('REGION1','GB','강북구',NULL,1,NULL,79,NULL,NULL),('REGION1','GS','강서구',NULL,1,NULL,80,NULL,NULL),('REGION1','GA','관악구',NULL,1,NULL,81,NULL,NULL),('REGION1','GJ','광진구',NULL,1,NULL,82,NULL,NULL),('REGION1','GR','구로구',NULL,1,NULL,83,NULL,NULL),('REGION1','GC','금천구',NULL,1,NULL,84,NULL,NULL),('REGION1','NW','노원구',NULL,1,NULL,85,NULL,NULL),('REGION1','DB','도봉구',NULL,1,NULL,86,NULL,NULL),('REGION1','DDM','동대문구',NULL,1,NULL,87,NULL,NULL),('REGION1','DJ','동작구',NULL,1,NULL,88,NULL,NULL),('REGION1','MP','마포구',NULL,1,NULL,89,NULL,NULL),('REGION1','SDM','서대문구',NULL,1,NULL,90,NULL,NULL),('REGION1','SC','서초구',NULL,1,NULL,91,NULL,NULL),('REGION1','SD','성동구',NULL,1,NULL,92,NULL,NULL),('REGION1','SB','성북구',NULL,1,NULL,93,NULL,NULL),('REGION1','SP','송파구',NULL,1,NULL,94,NULL,NULL),('REGION1','YC','양천구',NULL,1,NULL,95,NULL,NULL),('REGION1','YDP','영등포구',NULL,1,NULL,96,NULL,NULL),('REGION1','YS','용산구',NULL,1,NULL,97,NULL,NULL),('REGION1','EP','은평구',NULL,1,NULL,98,NULL,NULL),('REGION1','JR','종로구',NULL,1,NULL,99,NULL,NULL),('REGION1','JG','중구',NULL,1,NULL,100,NULL,NULL),('REGION1','JL','중랑구',NULL,1,NULL,101,NULL,NULL),('REGION2','GN','고양시',NULL,1,NULL,166,NULL,NULL),('REGION2','GD','과천시',NULL,1,NULL,167,NULL,NULL),('REGION2','GB','광명시',NULL,1,NULL,168,NULL,NULL),('REGION2','GS','광주시',NULL,1,NULL,169,NULL,NULL),('REGION2','','구리시',NULL,1,NULL,170,NULL,NULL),('REGION2','','군포시',NULL,1,NULL,171,NULL,NULL),('REGION2','','김포시',NULL,1,NULL,172,NULL,NULL),('REGION2','','남양주시',NULL,1,NULL,173,NULL,NULL),('REGION2','','동두천시',NULL,1,NULL,174,NULL,NULL),('REGION2','','부천시',NULL,1,NULL,175,NULL,NULL),('REGION2','','성남시',NULL,1,NULL,176,NULL,NULL),('REGION2','','수원시',NULL,1,NULL,177,NULL,NULL),('REGION2','','시흥시',NULL,1,NULL,178,NULL,NULL),('REGION2','','안산시',NULL,1,NULL,179,NULL,NULL),('REGION2','','안성시',NULL,1,NULL,180,NULL,NULL),('REGION2','','안양시',NULL,1,NULL,181,NULL,NULL),('REGION2','','양주시',NULL,1,NULL,182,NULL,NULL),('REGION2','','여주시',NULL,1,NULL,183,NULL,NULL),('REGION2','','오산시',NULL,1,NULL,184,NULL,NULL),('REGION2','','용인시',NULL,1,NULL,185,NULL,NULL),('REGION2','','의왕시',NULL,1,NULL,186,NULL,NULL),('REGION2','','의정부시',NULL,1,NULL,187,NULL,NULL),('REGION2','','이천시',NULL,1,NULL,188,NULL,NULL),('REGION2','','파주시',NULL,1,NULL,189,NULL,NULL),('REGION2','','평택시',NULL,1,NULL,190,NULL,NULL),('REGION2','','포천시',NULL,1,NULL,191,NULL,NULL),('REGION2','','하남시',NULL,1,NULL,192,NULL,NULL),('REGION2','','화성시',NULL,1,NULL,193,NULL,NULL),('REGION3','','계양구',NULL,1,NULL,194,NULL,NULL),('REGION3','','남동구',NULL,1,NULL,195,NULL,NULL),('REGION3','','동구',NULL,1,NULL,196,NULL,NULL),('REGION3','','미추홀구',NULL,1,NULL,197,NULL,NULL),('REGION3','','부평구',NULL,1,NULL,198,NULL,NULL),('REGION3','','서구',NULL,1,NULL,199,NULL,NULL),('REGION3','','연수구',NULL,1,NULL,200,NULL,NULL),('REGION3','','중구',NULL,1,NULL,201,NULL,NULL),('REGION3','','강화군',NULL,1,NULL,202,NULL,NULL),('REGION3','','옹진군',NULL,1,NULL,203,NULL,NULL),('REGION4','','강릉',NULL,1,NULL,204,NULL,NULL),('REGION4','','동해',NULL,1,NULL,205,NULL,NULL),('REGION4','','삼척',NULL,1,NULL,206,NULL,NULL),('REGION4','','속초',NULL,1,NULL,207,NULL,NULL),('REGION4','','원주',NULL,1,NULL,208,NULL,NULL),('REGION4','','춘천',NULL,1,NULL,209,NULL,NULL),('REGION4','','태백',NULL,1,NULL,210,NULL,NULL),('REGION4','','고성',NULL,1,NULL,211,NULL,NULL),('REGION4','','양구',NULL,1,NULL,212,NULL,NULL),('REGION4','','양양',NULL,1,NULL,213,NULL,NULL),('REGION4','','영월',NULL,1,NULL,214,NULL,NULL),('REGION4','','인제',NULL,1,NULL,215,NULL,NULL),('REGION4','','정선',NULL,1,NULL,216,NULL,NULL),('REGION4','','철원',NULL,1,NULL,217,NULL,NULL),('REGION4','','평창',NULL,1,NULL,218,NULL,NULL),('REGION4','','홍천',NULL,1,NULL,219,NULL,NULL),('REGION4','','화천',NULL,1,NULL,220,NULL,NULL),('REGION4','','횡성',NULL,1,NULL,221,NULL,NULL),('REGION5','','대덕구',NULL,1,NULL,222,NULL,NULL),('REGION5','','동구',NULL,1,NULL,223,NULL,NULL),('REGION5','','서구',NULL,1,NULL,224,NULL,NULL),('REGION5','','유성구',NULL,1,NULL,225,NULL,NULL),('REGION5','','중구',NULL,1,NULL,226,NULL,NULL),('REGION6','','제주',NULL,1,NULL,227,NULL,NULL),('REGION6','','서귀포',NULL,1,NULL,228,NULL,NULL),('REGION7','','계룡',NULL,1,NULL,229,NULL,NULL),('REGION7','','공주',NULL,1,NULL,230,NULL,NULL),('REGION7','','논산',NULL,1,NULL,231,NULL,NULL),('REGION7','','당진',NULL,1,NULL,232,NULL,NULL),('REGION7','','보령',NULL,1,NULL,233,NULL,NULL),('REGION7','','서산',NULL,1,NULL,234,NULL,NULL),('REGION7','','아산',NULL,1,NULL,235,NULL,NULL),('REGION7','','천안',NULL,1,NULL,236,NULL,NULL),('REGION7','','금산',NULL,1,NULL,237,NULL,NULL),('REGION7','','부여',NULL,1,NULL,238,NULL,NULL),('REGION7','','서천',NULL,1,NULL,239,NULL,NULL),('REGION7','','예산',NULL,1,NULL,240,NULL,NULL),('REGION7','','청양',NULL,1,NULL,241,NULL,NULL),('REGION7','','태안',NULL,1,NULL,242,NULL,NULL),('REGION7','','홍성',NULL,1,NULL,243,NULL,NULL),('REGION7','','세종',NULL,1,NULL,244,NULL,NULL),('REGION8','','제천',NULL,1,NULL,245,NULL,NULL),('REGION8','','청주',NULL,1,NULL,246,NULL,NULL),('REGION8','','충주',NULL,1,NULL,247,NULL,NULL),('REGION8','','괴산',NULL,1,NULL,248,NULL,NULL),('REGION8','','단양',NULL,1,NULL,249,NULL,NULL),('REGION8','','보은',NULL,1,NULL,250,NULL,NULL),('REGION8','','영동',NULL,1,NULL,251,NULL,NULL),('REGION8','','옥천',NULL,1,NULL,252,NULL,NULL),('REGION8','','음성',NULL,1,NULL,253,NULL,NULL),('REGION8','','증평',NULL,1,NULL,254,NULL,NULL),('REGION8','','진천',NULL,1,NULL,255,NULL,NULL),('REGION9','','강서구',NULL,1,NULL,256,NULL,NULL),('REGION9','','금정구',NULL,1,NULL,257,NULL,NULL),('REGION9','','남구',NULL,1,NULL,258,NULL,NULL),('REGION9','','동구',NULL,1,NULL,259,NULL,NULL),('REGION9','','동래구',NULL,1,NULL,260,NULL,NULL),('REGION9','','부산진구',NULL,1,NULL,261,NULL,NULL),('REGION9','','북구',NULL,1,NULL,262,NULL,NULL),('REGION9','','사상구',NULL,1,NULL,263,NULL,NULL),('REGION9','','사하구',NULL,1,NULL,264,NULL,NULL),('REGION9','','서구',NULL,1,NULL,265,NULL,NULL),('REGION9','','수영구',NULL,1,NULL,266,NULL,NULL),('REGION9','','연제구',NULL,1,NULL,267,NULL,NULL),('REGION9','','영동구',NULL,1,NULL,268,NULL,NULL),('REGION9','','중구',NULL,1,NULL,269,NULL,NULL),('REGION9','','해운대구',NULL,1,NULL,270,NULL,NULL),('REGION9','','기장군',NULL,1,NULL,271,NULL,NULL),('REGION10','','남구',NULL,1,NULL,272,NULL,NULL),('REGION10','','동구',NULL,1,NULL,273,NULL,NULL),('REGION10','','북구',NULL,1,NULL,274,NULL,NULL),('REGION10','','중구',NULL,1,NULL,275,NULL,NULL),('REGION10','','울주군',NULL,1,NULL,276,NULL,NULL),('REGION11','','거제',NULL,1,NULL,277,NULL,NULL),('REGION11','','김해',NULL,1,NULL,278,NULL,NULL),('REGION11','','밀양',NULL,1,NULL,279,NULL,NULL),('REGION11','','사천',NULL,1,NULL,280,NULL,NULL),('REGION11','','양산',NULL,1,NULL,281,NULL,NULL),('REGION11','','진주',NULL,1,NULL,282,NULL,NULL),('REGION11','','창원',NULL,1,NULL,283,NULL,NULL),('REGION11','','통영',NULL,1,NULL,284,NULL,NULL),('REGION11','','거창',NULL,1,NULL,285,NULL,NULL),('REGION11','','고성',NULL,1,NULL,286,NULL,NULL),('REGION11','','남해',NULL,1,NULL,287,NULL,NULL),('REGION11','','산청',NULL,1,NULL,288,NULL,NULL),('REGION11','','의령',NULL,1,NULL,289,NULL,NULL),('REGION11','','창녕',NULL,1,NULL,290,NULL,NULL),('REGION11','','하동',NULL,1,NULL,291,NULL,NULL),('REGION11','','함안',NULL,1,NULL,292,NULL,NULL),('REGION11','','함양',NULL,1,NULL,293,NULL,NULL),('REGION11','','합천',NULL,1,NULL,294,NULL,NULL),('REGION12','','경산',NULL,1,NULL,295,NULL,NULL),('REGION12','','경주',NULL,1,NULL,296,NULL,NULL),('REGION12','','구미',NULL,1,NULL,297,NULL,NULL),('REGION12','','김천',NULL,1,NULL,298,NULL,NULL),('REGION12','','문경',NULL,1,NULL,299,NULL,NULL),('REGION12','','상주',NULL,1,NULL,300,NULL,NULL),('REGION12','','안동',NULL,1,NULL,301,NULL,NULL),('REGION12','','영주',NULL,1,NULL,302,NULL,NULL),('REGION12','','영천',NULL,1,NULL,303,NULL,NULL),('REGION12','','포항',NULL,1,NULL,304,NULL,NULL),('REGION12','','고령',NULL,1,NULL,305,NULL,NULL),('REGION12','','군위',NULL,1,NULL,306,NULL,NULL),('REGION12','','봉화',NULL,1,NULL,307,NULL,NULL),('REGION12','','성주',NULL,1,NULL,308,NULL,NULL),('REGION12','','영덕',NULL,1,NULL,309,NULL,NULL),('REGION12','','영양',NULL,1,NULL,310,NULL,NULL),('REGION12','','예천',NULL,1,NULL,311,NULL,NULL),('REGION12','','울릉',NULL,1,NULL,312,NULL,NULL),('REGION12','','울진',NULL,1,NULL,313,NULL,NULL),('REGION12','','의성',NULL,1,NULL,314,NULL,NULL),('REGION12','','청도',NULL,1,NULL,315,NULL,NULL),('REGION12','','청송',NULL,1,NULL,316,NULL,NULL),('REGION12','','칠곡',NULL,1,NULL,317,NULL,NULL),('REGION13','','남구',NULL,1,NULL,318,NULL,NULL),('REGION13','','달서구',NULL,1,NULL,319,NULL,NULL),('REGION13','','동구',NULL,1,NULL,320,NULL,NULL),('REGION13','','북구',NULL,1,NULL,321,NULL,NULL),('REGION13','','서구',NULL,1,NULL,322,NULL,NULL),('REGION13','','수성구',NULL,1,NULL,323,NULL,NULL),('REGION13','','중구',NULL,1,NULL,324,NULL,NULL),('REGION13','','달성군',NULL,1,NULL,325,NULL,NULL),('REGION14','','광산구',NULL,1,NULL,326,NULL,NULL),('REGION14','','남구',NULL,1,NULL,327,NULL,NULL),('REGION14','','동구',NULL,1,NULL,328,NULL,NULL),('REGION14','','북구',NULL,1,NULL,329,NULL,NULL),('REGION14','','서구',NULL,1,NULL,330,NULL,NULL),('REGION15','','광양',NULL,1,NULL,331,NULL,NULL),('REGION15','','나주',NULL,1,NULL,332,NULL,NULL),('REGION15','','목포',NULL,1,NULL,333,NULL,NULL),('REGION15','','순천',NULL,1,NULL,334,NULL,NULL),('REGION15','','여수',NULL,1,NULL,335,NULL,NULL),('REGION15','','강진',NULL,1,NULL,336,NULL,NULL),('REGION15','','고흥',NULL,1,NULL,337,NULL,NULL),('REGION15','','곡성',NULL,1,NULL,338,NULL,NULL),('REGION15','','구례',NULL,1,NULL,339,NULL,NULL),('REGION15','','담양',NULL,1,NULL,340,NULL,NULL),('REGION15','','무안',NULL,1,NULL,341,NULL,NULL),('REGION15','','보성',NULL,1,NULL,342,NULL,NULL),('REGION15','','신안',NULL,1,NULL,343,NULL,NULL),('REGION15','','영광',NULL,1,NULL,344,NULL,NULL),('REGION15','','영암',NULL,1,NULL,345,NULL,NULL),('REGION15','','완도',NULL,1,NULL,346,NULL,NULL),('REGION15','','장성',NULL,1,NULL,347,NULL,NULL),('REGION15','','장흥',NULL,1,NULL,348,NULL,NULL),('REGION15','','진도',NULL,1,NULL,349,NULL,NULL),('REGION15','','함평',NULL,1,NULL,350,NULL,NULL),('REGION15','','해남',NULL,1,NULL,351,NULL,NULL),('REGION15','','화순',NULL,1,NULL,352,NULL,NULL),('REGION16','','군산',NULL,1,NULL,353,NULL,NULL),('REGION16','','김제',NULL,1,NULL,354,NULL,NULL),('REGION16','','남원',NULL,1,NULL,355,NULL,NULL),('REGION16','','익산',NULL,1,NULL,356,NULL,NULL),('REGION16','','전주',NULL,1,NULL,357,NULL,NULL),('REGION16','','정읍',NULL,1,NULL,358,NULL,NULL),('REGION16','','고창',NULL,1,NULL,359,NULL,NULL),('REGION16','','무주',NULL,1,NULL,360,NULL,NULL),('REGION16','','부안',NULL,1,NULL,361,NULL,NULL),('REGION16','','순창',NULL,1,NULL,362,NULL,NULL),('REGION16','','완주',NULL,1,NULL,363,NULL,NULL),('REGION16','','임실',NULL,1,NULL,364,NULL,NULL),('REGION16','','장수',NULL,1,NULL,365,NULL,NULL),('REGION16','','진안',NULL,1,NULL,366,NULL,NULL),('GENRE','*','장르',NULL,1,NULL,367,NULL,NULL),('GENRE','','올드스쿨',NULL,1,NULL,368,NULL,NULL),('GENRE','','뉴스쿨',NULL,1,NULL,369,NULL,NULL),('GENRE','','이레즈미',NULL,1,NULL,370,NULL,NULL),('GENRE','','뉴재패니즈',NULL,1,NULL,371,NULL,NULL),('GENRE','','레터링',NULL,1,NULL,372,NULL,NULL),('GENRE','','블랙앤그레이',NULL,1,NULL,373,NULL,NULL),('GENRE','','라인워크',NULL,1,NULL,374,NULL,NULL),('GENRE','','리얼리티',NULL,1,NULL,375,NULL,NULL),('GENRE','','커버업',NULL,1,NULL,377,NULL,NULL),('GENRE','','치카노',NULL,1,NULL,378,NULL,NULL),('GENRE','','블랙암',NULL,1,NULL,379,NULL,NULL),('GENRE','','블랙워크',NULL,1,NULL,380,NULL,NULL),('GENRE','','트라이벌',NULL,1,NULL,381,NULL,NULL),('GENRE','','감성/미니',NULL,1,NULL,382,NULL,NULL);
/*!40000 ALTER TABLE `tb_code` ENABLE KEYS */;
UNLOCK TABLES;

--
-- Table structure for table `tb_comments`
--

DROP TABLE IF EXISTS `tb_comments`;
/*!40101 SET @saved_cs_client     = @@character_set_client */;
/*!50503 SET character_set_client = utf8mb4 */;
CREATE TABLE `tb_comments` (
  `id` int NOT NULL AUTO_INCREMENT,
  `user_id` varchar(30) DEFAULT NULL,
  `customer_id` varchar(30) DEFAULT NULL,
  `ctnt` varchar(200) NOT NULL,
  `createdAt` datetime NOT NULL,
  `updatedAt` datetime NOT NULL,
  `ArtArtNo` int DEFAULT NULL,
  `BoardBrdNo` int DEFAULT NULL,
  `score` int DEFAULT '5',
  PRIMARY KEY (`id`),
  KEY `ArtArtNo` (`ArtArtNo`),
  KEY `BoardBrdNo` (`BoardBrdNo`),
  CONSTRAINT `tb_comments_ibfk_1` FOREIGN KEY (`ArtArtNo`) REFERENCES `tb_art` (`art_no`) ON DELETE SET NULL ON UPDATE CASCADE,
  CONSTRAINT `tb_comments_ibfk_2` FOREIGN KEY (`BoardBrdNo`) REFERENCES `tb_board` (`BRD_NO`) ON DELETE SET NULL ON UPDATE CASCADE
) ENGINE=InnoDB AUTO_INCREMENT=51 DEFAULT CHARSET=utf8;
/*!40101 SET character_set_client = @saved_cs_client */;

--
-- Dumping data for table `tb_comments`
--

LOCK TABLES `tb_comments` WRITE;
/*!40000 ALTER TABLE `tb_comments` DISABLE KEYS */;
INSERT INTO `tb_comments` VALUES (1,'admin','admin','aaaaaaaaaaaaaaaaaaa','2021-06-03 21:19:21','2021-06-03 21:19:21',NULL,NULL,5),(2,'admin','admin','aazz','2021-06-03 21:45:12','2021-06-03 21:45:12',NULL,NULL,5),(3,'admin','admin','zzzzz','2021-06-03 22:06:51','2021-06-03 22:06:51',NULL,NULL,2),(4,'admin','admin','?????','2021-06-03 22:07:09','2021-06-03 22:07:09',NULL,NULL,3),(5,'admin','admin','zz','2021-06-03 22:08:30','2021-06-03 22:08:30',NULL,NULL,2),(6,'admin','admin','ㅋㅋㅋㅋㅋㅋㅋㅋㅋㅋㅋㅋㅋ','2021-06-03 22:21:33','2021-06-03 22:21:33',NULL,NULL,4),(7,'admin','admin','zzzz','2021-06-03 22:28:22','2021-06-03 22:28:22',NULL,NULL,5),(8,'admin','admin','zzz','2021-06-03 22:30:38','2021-06-03 22:30:38',NULL,NULL,5),(9,'admin','admin','aaaaaaaaa','2021-06-03 22:40:12','2021-06-03 22:40:12',NULL,NULL,5),(10,'admin','admin','zz','2021-06-03 22:43:28','2021-06-03 22:43:28',NULL,NULL,5),(11,'admin','admin','zzzz','2021-06-03 22:44:15','2021-06-03 22:44:15',NULL,NULL,5),(12,'admin','admin','씨-발 ㅋㅋㅋㅋㅋㅋ','2021-06-03 22:51:27','2021-06-03 22:51:27',NULL,NULL,5),(13,'admin','admin','ㅋㅋㅋㅋㅋㅋㅋㅋㅋㅋㅋㅋㅋㅋㅋㅋㅋㅋㅋ','2021-06-03 22:51:37','2021-06-03 22:51:37',NULL,NULL,5),(14,'admin','admin','??','2021-06-03 22:51:51','2021-06-03 22:51:51',NULL,NULL,5),(15,'admin','admin','aaaaaaaaaaaaaaaaaaaaaaaaaaaaaaaaaaaaaaaaaaaaaaaaaaaaaaaaaaaaaaaaaaaaa','2021-06-03 23:00:38','2021-06-03 23:00:38',NULL,NULL,1),(16,'admin','admin','sd','2021-06-03 23:02:08','2021-06-03 23:02:08',NULL,NULL,1),(17,'admin','admin','we','2021-06-03 23:02:23','2021-06-03 23:02:23',NULL,NULL,3),(18,'admin','admin','ㅋㅋ','2021-06-03 23:02:45','2021-06-03 23:02:45',NULL,NULL,5),(19,'admin','admin','qwe','2021-06-03 23:04:39','2021-06-03 23:04:39',NULL,NULL,5),(20,'admin','admin','씨-발 ㅋㅋ','2021-06-03 23:06:47','2021-06-03 23:06:47',NULL,NULL,5),(21,'admin','admin','ㅋㅋㅋㅋㅋㅋㅋㅋㅋㅋㅋㅋㅋ','2021-06-03 23:06:53','2021-06-03 23:06:53',NULL,NULL,5),(22,'admin','admin','ㅋㅋㅋㅋㅋㅋㅋㅋㅋㅋㅋㅋㅋㅋㅋㅋㅋㅋㅋㅋㅋㅋㅋ','2021-06-03 23:06:55','2021-06-03 23:06:55',NULL,NULL,5),(23,'admin','admin','ㅋㅋㅋㅋㅋㅋㅋㅋㅋㅋㅋㅋㅋㅋㅋㅋㅋ','2021-06-03 23:06:58','2021-06-03 23:06:58',NULL,NULL,5),(24,'admin','admin','ㅋㅋㅋㅋㅋㅋㅋㅋㅋㅋㅋㅋㅋㅋㅋㅋㅋㅋㅋㅋㅋㅋㅋㅋㅋㅋ','2021-06-03 23:07:02','2021-06-03 23:07:02',NULL,NULL,5),(25,'admin','admin','q','2021-06-03 23:08:43','2021-06-03 23:08:43',NULL,NULL,5),(26,'admin','admin','qqqq','2021-06-03 23:08:52','2021-06-03 23:08:52',NULL,NULL,5),(27,'admin','admin','qqqq','2021-06-03 23:08:55','2021-06-03 23:08:55',NULL,NULL,2),(28,'admin','admin','','2021-06-03 23:10:02','2021-06-03 23:10:02',NULL,NULL,5),(29,'admin','admin','q','2021-06-03 23:10:43','2021-06-03 23:10:43',NULL,NULL,5),(30,'admin','admin','ㅋㅋㅋㅋㅋㅋㅋㅋㅋㅋㅋㅋ','2021-06-03 23:11:28','2021-06-03 23:11:28',NULL,NULL,5),(31,'admin','admin','ㅋㅋㅋㅋㅋㅋㅋㅋㅋㅋㅋㅋㅋㅋㅋㅋㅋ','2021-06-03 23:11:31','2021-06-03 23:11:31',NULL,NULL,5),(32,'admin','admin','ㅋㅋㅋㅋㅋㅋㅋㅋㅋㅋㅋㅋㅋㅋㅋㅋㅋㅋㅋㅋㅋㅋ','2021-06-03 23:11:33','2021-06-03 23:11:33',NULL,NULL,5),(33,'admin','admin','ㅁㅁㅁㅁㅁㅁㅁㅁㅁㅁㅁㅁㅁㅁㅁ','2021-06-03 23:14:07','2021-06-03 23:14:07',NULL,NULL,5),(34,'admin','admin','ㅋㅋㅋㅋㅋㅋ','2021-06-03 23:14:10','2021-06-03 23:14:10',NULL,NULL,5),(35,'admin','admin','ㅋㅋㅋㅋㅋㅋㅋㅋㅋㅋㅋㅋㅋㅋㅋㅋㅋ','2021-06-03 23:14:15','2021-06-03 23:14:15',NULL,NULL,2),(36,'admin','admin','ㅋㅋㅋㅋㅋㅋㅋㅋㅋㅋㅋㅋㅋㅋ','2021-06-03 23:14:22','2021-06-03 23:14:22',NULL,NULL,2),(37,'admin','admin','ㅋㅋㅋㅋㅋㅋㅋㅋㅋㅋㅋ','2021-06-03 23:15:56','2021-06-03 23:15:56',NULL,NULL,2),(38,'admin','admin','??','2021-06-03 23:15:59','2021-06-03 23:15:59',NULL,NULL,2),(39,'admin','admin','어디에 추가되나요?','2021-06-03 23:16:07','2021-06-03 23:16:07',NULL,NULL,2),(40,'admin','admin','맨위에 추가되네요','2021-06-03 23:16:12','2021-06-03 23:16:12',NULL,NULL,2),(41,'admin','admin','','2021-06-03 23:16:18','2021-06-03 23:16:18',NULL,NULL,2),(42,'admin','admin','이건요?','2021-06-03 23:16:22','2021-06-03 23:16:22',NULL,NULL,2),(43,'admin','admin','잘되네\n','2021-06-03 23:16:28','2021-06-03 23:16:28',NULL,NULL,2),(44,'admin','admin','이거 물건이네','2021-06-03 23:16:44','2021-06-03 23:16:44',NULL,NULL,5),(45,'admin','admin','이뻐염','2021-06-04 09:54:37','2021-06-04 09:54:37',NULL,NULL,3),(46,'admin','admin','이뻐요','2021-06-04 09:54:52','2021-06-04 09:54:52',NULL,NULL,5),(47,'saeroom','admin','이쁜데 좀그래여 후 ','2021-06-05 13:27:41','2021-06-05 13:27:41',NULL,NULL,5),(48,'saeroom','admin','좋네욤','2021-06-05 13:28:03','2021-06-05 13:28:03',NULL,NULL,1),(49,'test1','test1','1231','2021-06-07 12:52:13','2021-06-07 12:52:13',93,NULL,5),(50,'test2','test1','zz','2021-06-07 12:58:59','2021-06-07 12:58:59',93,NULL,3);
/*!40000 ALTER TABLE `tb_comments` ENABLE KEYS */;
UNLOCK TABLES;

--
-- Table structure for table `tb_contents`
--

DROP TABLE IF EXISTS `tb_contents`;
/*!40101 SET @saved_cs_client     = @@character_set_client */;
/*!50503 SET character_set_client = utf8mb4 */;
CREATE TABLE `tb_contents` (
  `CTS_NO` int NOT NULL AUTO_INCREMENT,
  `TTL` varchar(200) DEFAULT NULL,
  `CTNT` text,
  `USE_YN` varchar(1) DEFAULT NULL,
  `MENU_NO` int DEFAULT NULL,
  `REG_ID` varchar(20) DEFAULT NULL,
  `REG_NM` varchar(50) DEFAULT NULL,
  `CTS_URL` varchar(250) DEFAULT NULL,
  `URL_TARGET` varchar(20) DEFAULT NULL,
  `URL_USE_YN` char(1) DEFAULT NULL,
  `CreatedAt` date DEFAULT NULL,
  `UpdatedAt` date DEFAULT NULL,
  PRIMARY KEY (`CTS_NO`) USING BTREE
) ENGINE=InnoDB AUTO_INCREMENT=11 DEFAULT CHARSET=utf8;
/*!40101 SET character_set_client = @saved_cs_client */;

--
-- Dumping data for table `tb_contents`
--

LOCK TABLES `tb_contents` WRITE;
/*!40000 ALTER TABLE `tb_contents` DISABLE KEYS */;
/*!40000 ALTER TABLE `tb_contents` ENABLE KEYS */;
UNLOCK TABLES;

--
-- Table structure for table `tb_contentshist`
--

DROP TABLE IF EXISTS `tb_contentshist`;
/*!40101 SET @saved_cs_client     = @@character_set_client */;
/*!50503 SET character_set_client = utf8mb4 */;
CREATE TABLE `tb_contentshist` (
  `HIST_NO` int NOT NULL AUTO_INCREMENT,
  `CTS_NO` int DEFAULT NULL,
  `TTL` varchar(200) DEFAULT NULL,
  `CTNT` text,
  `USE_YN` varchar(1) DEFAULT NULL,
  `MENU_NO` int DEFAULT NULL,
  `REG_ID` varchar(20) DEFAULT NULL,
  `PROC_DESC` varchar(20) DEFAULT NULL,
  `REG_NM` varchar(50) DEFAULT NULL,
  `CreatedAt` date DEFAULT NULL,
  `UpdatedAt` date DEFAULT NULL,
  PRIMARY KEY (`HIST_NO`) USING BTREE
) ENGINE=InnoDB AUTO_INCREMENT=11 DEFAULT CHARSET=utf8;
/*!40101 SET character_set_client = @saved_cs_client */;

--
-- Dumping data for table `tb_contentshist`
--

LOCK TABLES `tb_contentshist` WRITE;
/*!40000 ALTER TABLE `tb_contentshist` DISABLE KEYS */;
/*!40000 ALTER TABLE `tb_contentshist` ENABLE KEYS */;
UNLOCK TABLES;

--
-- Table structure for table `tb_customer`
--

DROP TABLE IF EXISTS `tb_customer`;
/*!40101 SET @saved_cs_client     = @@character_set_client */;
/*!50503 SET character_set_client = utf8mb4 */;
CREATE TABLE `tb_customer` (
  `user_id` varchar(30) NOT NULL,
  `customer_name` varchar(100) DEFAULT NULL,
  `customer_type` varchar(30) DEFAULT NULL,
  `genre` varchar(50) DEFAULT NULL,
  `address` varchar(100) DEFAULT NULL,
  `address2` varchar(100) DEFAULT NULL,
  `about_customer` text,
  `naver` varchar(50) DEFAULT NULL,
  `kakao` varchar(50) DEFAULT NULL,
  `instagram` varchar(50) DEFAULT NULL,
  `sales_time` varchar(50) DEFAULT NULL,
  `sales_time2` varchar(50) DEFAULT NULL,
  `customer_img` varchar(250) DEFAULT NULL,
  `use_yn` varchar(1) DEFAULT 'Y',
  `createdAt` datetime NOT NULL,
  `updatedAt` datetime NOT NULL,
  PRIMARY KEY (`user_id`),
  CONSTRAINT `tb_customer_ibfk_1` FOREIGN KEY (`user_id`) REFERENCES `tb_user` (`user_id`) ON DELETE CASCADE ON UPDATE CASCADE
) ENGINE=InnoDB DEFAULT CHARSET=utf8;
/*!40101 SET character_set_client = @saved_cs_client */;

--
-- Dumping data for table `tb_customer`
--

LOCK TABLES `tb_customer` WRITE;
/*!40000 ALTER TABLE `tb_customer` DISABLE KEYS */;
INSERT INTO `tb_customer` VALUES ('test1','타투콕','studio','올드스쿨 ','서울','강남구','','','','','09:00','20:00','KakaoTalk_20210528_171624806_1623070219791.jpg','Y','2021-06-07 08:04:14','2021-06-07 12:50:24'),('test2','타투아티','artist','이레즈미 ','서울','구로구',NULL,NULL,NULL,NULL,'05:00','23:00',NULL,'Y','2021-06-07 08:04:56','2021-06-07 08:04:56');
/*!40000 ALTER TABLE `tb_customer` ENABLE KEYS */;
UNLOCK TABLES;

--
-- Table structure for table `tb_file`
--

DROP TABLE IF EXISTS `tb_file`;
/*!40101 SET @saved_cs_client     = @@character_set_client */;
/*!50503 SET character_set_client = utf8mb4 */;
CREATE TABLE `tb_file` (
  `FILE_NO` int NOT NULL AUTO_INCREMENT,
  `FILE_NM` varchar(250) DEFAULT NULL,
  `FILE_REALNM` varchar(250) DEFAULT NULL,
  `FILE_GBN` varchar(10) DEFAULT NULL,
  `FILE_EXT` varchar(50) DEFAULT NULL,
  `FILE_SIZE` int DEFAULT NULL,
  `REL_TBL` varchar(20) DEFAULT NULL,
  `REL_KEY` varchar(20) DEFAULT NULL,
  `DES1` varchar(300) DEFAULT NULL,
  `DES2` varchar(300) DEFAULT NULL,
  `CreatedAt` date DEFAULT NULL,
  `UpdatedAt` date DEFAULT NULL,
  PRIMARY KEY (`FILE_NO`) USING BTREE
) ENGINE=InnoDB AUTO_INCREMENT=14 DEFAULT CHARSET=utf8;
/*!40101 SET character_set_client = @saved_cs_client */;

--
-- Dumping data for table `tb_file`
--

LOCK TABLES `tb_file` WRITE;
/*!40000 ALTER TABLE `tb_file` DISABLE KEYS */;
/*!40000 ALTER TABLE `tb_file` ENABLE KEYS */;
UNLOCK TABLES;

--
-- Table structure for table `tb_images`
--

DROP TABLE IF EXISTS `tb_images`;
/*!40101 SET @saved_cs_client     = @@character_set_client */;
/*!50503 SET character_set_client = utf8mb4 */;
CREATE TABLE `tb_images` (
  `id` int NOT NULL AUTO_INCREMENT,
  `src` varchar(200) NOT NULL,
  `createdAt` datetime NOT NULL,
  `updatedAt` datetime NOT NULL,
  `ArtArtNo` int DEFAULT NULL,
  `BoardBrdNo` int DEFAULT NULL,
  `CustomerUserId` varchar(30) DEFAULT NULL,
  `CommentId` int DEFAULT NULL,
  PRIMARY KEY (`id`),
  KEY `ArtArtNo` (`ArtArtNo`),
  KEY `BoardBrdNo` (`BoardBrdNo`),
  KEY `CustomerUserId` (`CustomerUserId`),
  KEY `CommentId` (`CommentId`),
  CONSTRAINT `tb_images_ibfk_1` FOREIGN KEY (`ArtArtNo`) REFERENCES `tb_art` (`art_no`) ON DELETE SET NULL ON UPDATE CASCADE,
  CONSTRAINT `tb_images_ibfk_2` FOREIGN KEY (`BoardBrdNo`) REFERENCES `tb_board` (`BRD_NO`) ON DELETE SET NULL ON UPDATE CASCADE,
  CONSTRAINT `tb_images_ibfk_3` FOREIGN KEY (`CustomerUserId`) REFERENCES `tb_customer` (`USER_ID`) ON DELETE SET NULL ON UPDATE CASCADE,
  CONSTRAINT `tb_images_ibfk_4` FOREIGN KEY (`CommentId`) REFERENCES `tb_comments` (`id`) ON DELETE SET NULL ON UPDATE CASCADE
) ENGINE=InnoDB AUTO_INCREMENT=37 DEFAULT CHARSET=utf8;
/*!40101 SET character_set_client = @saved_cs_client */;

--
-- Dumping data for table `tb_images`
--

LOCK TABLES `tb_images` WRITE;
/*!40000 ALTER TABLE `tb_images` DISABLE KEYS */;
INSERT INTO `tb_images` VALUES (1,'KakaoTalk_20210519_193325226_1622729541751.jpg','2021-06-03 14:12:23','2021-06-03 22:42:45',NULL,NULL,NULL,NULL),(2,'KakaoTalk_20210519_193346381_1622729541773.jpg','2021-06-03 14:12:23','2021-06-03 22:42:45',NULL,NULL,NULL,NULL),(3,'KakaoTalk_20210519_193416877_1622729541776.jpg','2021-06-03 14:12:23','2021-06-03 22:42:45',NULL,NULL,NULL,NULL),(4,'KakaoTalk_20210519_193648146_1622729541781.jpg','2021-06-03 14:12:23','2021-06-03 22:42:45',NULL,NULL,NULL,NULL),(5,'KakaoTalk_20210519_193325226_1622756705022.jpg','2021-06-03 21:45:12','2021-06-03 21:45:12',NULL,NULL,NULL,2),(6,'KakaoTalk_20210519_193346381_1622758009296.jpg','2021-06-03 22:06:51','2021-06-03 22:06:51',NULL,NULL,NULL,3),(7,'KakaoTalk_20210519_193416877_1622758009297.jpg','2021-06-03 22:06:51','2021-06-03 22:06:51',NULL,NULL,NULL,3),(8,'KakaoTalk_20210519_193648146_1622758009302.jpg','2021-06-03 22:06:51','2021-06-03 22:06:51',NULL,NULL,NULL,3),(9,'KakaoTalk_20210519_193346381_1622758026155.jpg','2021-06-03 22:07:09','2021-06-03 22:07:09',NULL,NULL,NULL,4),(10,'KakaoTalk_20210519_193325226_1622758892082.jpg','2021-06-03 22:21:33','2021-06-03 22:21:33',NULL,NULL,NULL,6),(11,'KakaoTalk_20210519_193346381_1622758892095.jpg','2021-06-03 22:21:33','2021-06-03 22:21:33',NULL,NULL,NULL,6),(12,'KakaoTalk_20210519_193416877_1622758892096.jpg','2021-06-03 22:21:33','2021-06-03 22:21:33',NULL,NULL,NULL,6),(13,'KakaoTalk_20210519_193416877_1622729541776.jpg','2021-06-03 22:42:45','2021-06-03 22:43:51',NULL,NULL,NULL,NULL),(14,'KakaoTalk_20210519_193346381_1622729541773.jpg','2021-06-03 22:42:45','2021-06-03 22:43:51',NULL,NULL,NULL,NULL),(15,'KakaoTalk_20210519_193325226_1622729541751.jpg','2021-06-03 22:42:45','2021-06-03 22:43:51',NULL,NULL,NULL,NULL),(16,'KakaoTalk_20210519_193648146_1622729541781.jpg','2021-06-03 22:42:45','2021-06-03 22:43:51',NULL,NULL,NULL,NULL),(17,'KakaoTalk_20210519_193416877_1622729541776.jpg','2021-06-03 22:43:51','2021-06-03 22:43:51',NULL,NULL,NULL,NULL),(18,'KakaoTalk_20210519_193325226_1622729541751.jpg','2021-06-03 22:43:51','2021-06-03 22:43:51',NULL,NULL,NULL,NULL),(19,'KakaoTalk_20210519_193346381_1622729541773.jpg','2021-06-03 22:43:51','2021-06-03 22:43:51',NULL,NULL,NULL,NULL),(20,'KakaoTalk_20210519_193648146_1622729541781.jpg','2021-06-03 22:43:51','2021-06-03 22:43:51',NULL,NULL,NULL,NULL),(21,'KakaoTalk_20210519_193325226_1622760684818.jpg','2021-06-03 22:51:27','2021-06-03 22:51:27',NULL,NULL,NULL,12),(22,'KakaoTalk_20210519_193346381_1622760684833.jpg','2021-06-03 22:51:27','2021-06-03 22:51:27',NULL,NULL,NULL,12),(23,'KakaoTalk_20210519_193325226_1622761800547.jpg','2021-06-03 23:10:02','2021-06-03 23:10:02',NULL,NULL,NULL,28),(24,'KakaoTalk_20210519_193346381_1622762177540.jpg','2021-06-03 23:16:18','2021-06-03 23:16:18',NULL,NULL,NULL,41),(25,'KakaoTalk_20210519_193416877_1622762177541.jpg','2021-06-03 23:16:18','2021-06-03 23:16:18',NULL,NULL,NULL,41),(26,'파비콘 수정 11_1622800487215.png','2021-06-04 09:54:52','2021-06-04 09:54:52',NULL,NULL,NULL,46),(27,'KakaoTalk_20210519_193346381_1622896860127.jpg','2021-06-05 12:41:01','2021-06-05 12:41:01',NULL,NULL,NULL,NULL),(28,'KakaoTalk_20210607_213830926_1623069693947.jpg','2021-06-07 12:41:35','2021-06-07 12:41:35',NULL,NULL,NULL,NULL),(29,'KakaoTalk_20210607_213827119_1623070037798.jpg','2021-06-07 12:47:19','2021-06-07 12:47:19',93,NULL,NULL,NULL),(30,'KakaoTalk_20210607_213828019_1623070037812.jpg','2021-06-07 12:47:19','2021-06-07 12:47:19',93,NULL,NULL,NULL),(31,'KakaoTalk_20210607_213829111_1623070037820.jpg','2021-06-07 12:47:19','2021-06-07 12:47:19',93,NULL,NULL,NULL),(32,'KakaoTalk_20210607_213830473_1623070037826.jpg','2021-06-07 12:47:19','2021-06-07 12:47:19',93,NULL,NULL,NULL),(33,'KakaoTalk_20210607_213830926_1623070037842.jpg','2021-06-07 12:47:19','2021-06-07 12:47:19',93,NULL,NULL,NULL),(34,'KakaoTalk_20210528_171702606_1623070332198.jpg','2021-06-07 12:52:13','2021-06-07 12:52:13',NULL,NULL,NULL,49),(35,'KakaoTalk_20210607_213835932_1623070735415.jpg','2021-06-07 12:58:59','2021-06-07 12:58:59',NULL,NULL,NULL,50),(36,'KakaoTalk_20210607_213827119_1623070834954.jpg','2021-06-07 13:00:45','2021-06-07 13:00:45',94,NULL,NULL,NULL);
/*!40000 ALTER TABLE `tb_images` ENABLE KEYS */;
UNLOCK TABLES;

--
-- Table structure for table `tb_likehist`
--

DROP TABLE IF EXISTS `tb_likehist`;
/*!40101 SET @saved_cs_client     = @@character_set_client */;
/*!50503 SET character_set_client = utf8mb4 */;
CREATE TABLE `tb_likehist` (
  `like_no` varchar(45) NOT NULL,
  `ART_NO` int DEFAULT NULL,
  `USER_ID` varchar(30) DEFAULT NULL,
  `NAME` varchar(100) DEFAULT NULL,
  `TTL` varchar(100) DEFAULT NULL,
  `ADDRESS` varchar(100) DEFAULT NULL,
  `GENRE` varchar(100) DEFAULT NULL,
  `IMG` varchar(100) DEFAULT NULL,
  `CreatedAt` date DEFAULT NULL,
  `UpdatedAt` date DEFAULT NULL,
  PRIMARY KEY (`like_no`)
) ENGINE=InnoDB DEFAULT CHARSET=utf8;
/*!40101 SET character_set_client = @saved_cs_client */;

--
-- Dumping data for table `tb_likehist`
--

LOCK TABLES `tb_likehist` WRITE;
/*!40000 ALTER TABLE `tb_likehist` DISABLE KEYS */;
INSERT INTO `tb_likehist` VALUES ('',11,'admin',NULL,NULL,NULL,NULL,NULL,NULL,NULL);
/*!40000 ALTER TABLE `tb_likehist` ENABLE KEYS */;
UNLOCK TABLES;

--
-- Table structure for table `tb_menu`
--

DROP TABLE IF EXISTS `tb_menu`;
/*!40101 SET @saved_cs_client     = @@character_set_client */;
/*!50503 SET character_set_client = utf8mb4 */;
CREATE TABLE `tb_menu` (
  `MENU_NO` int NOT NULL AUTO_INCREMENT,
  `MENU_NM` varchar(50) DEFAULT NULL,
  `MENU_GB` varchar(10) DEFAULT NULL,
  `MENU_URL` varchar(250) DEFAULT NULL,
  `USE_YN` varchar(1) DEFAULT NULL,
  `ORD` int DEFAULT NULL,
  `MENU_LVL` int DEFAULT NULL,
  `TOP_MENU_NO` int DEFAULT NULL,
  `FULL_MENU_NO` varchar(1000) DEFAULT NULL,
  `UP_MENU_NO` int DEFAULT NULL,
  `MENU_FMT_CD` varchar(10) DEFAULT NULL,
  `URL_TARGET` varchar(20) DEFAULT NULL,
  `BRD_MGRNO` int DEFAULT NULL,
  `MENU_DESC` varchar(4000) DEFAULT NULL,
  `CreatedAt` date DEFAULT NULL,
  `UpdatedAt` date DEFAULT NULL,
  PRIMARY KEY (`MENU_NO`) USING BTREE
) ENGINE=InnoDB AUTO_INCREMENT=824 DEFAULT CHARSET=utf8;
/*!40101 SET character_set_client = @saved_cs_client */;

--
-- Dumping data for table `tb_menu`
--

LOCK TABLES `tb_menu` WRITE;
/*!40000 ALTER TABLE `tb_menu` DISABLE KEYS */;
INSERT INTO `tb_menu` VALUES (12,'statistics','ADMIN','/boffice/topMenuMove','Y',14,1,12,'12,',0,NULL,'_self',0,'',NULL,NULL),(22,'system','ADMIN','/boffice/boardmgr/boardMgrList','Y',17,1,22,'22,',0,NULL,'_self',0,'',NULL,NULL),(23,'메뉴관리','ADMIN','/boffice/menu/menuList','Y',40,2,22,'22,23,',22,'MENU','_self',0,'aerhrewhaergwerg',NULL,NULL),(24,'코드관리','ADMIN','/boffice/code/codeList','Y',50,2,22,'22,24,',22,'MENU','_self',0,'',NULL,NULL),(25,'게시판 관리','ADMIN','/boffice/boardmgr/boardMgrList','Y',10,2,22,'22,25,',22,'MENU','_self',0,'',NULL,NULL),(35,'년도별 접속통계','ADMIN','/boffice/stat/statYearList.do','Y',200,2,12,'12,35,',12,NULL,'_self',NULL,NULL,NULL,NULL),(36,'월별 접속현황','ADMIN','/boffice/stat/statMonthList.do','Y',300,2,12,'12,36,',12,NULL,'_self',NULL,NULL,NULL,NULL),(37,'요일별 접속현황','ADMIN','/boffice/stat/statWeekList.do','Y',400,2,12,'12,37,',12,NULL,'_self',NULL,NULL,NULL,NULL),(38,'시간대별 접속통계','ADMIN','/boffice/stat/statTimeList.do','Y',500,2,12,'12,38,',12,NULL,'_self',NULL,NULL,NULL,NULL),(39,'기간별 접속통계','ADMIN','/boffice/stat/statTermList.do','Y',100,2,12,'12,39,',12,NULL,'_self',NULL,NULL,NULL,NULL),(64,'관리자 메뉴','ADMIN','/boffice/menu/menuList','Y',10,3,22,'22,23,64,',23,NULL,'_self',0,'',NULL,NULL),(240,'공통관리','ADMIN','/boffice/menu/menuList?menu_gb=COMMON','N',50,3,22,'22,23,240,',23,NULL,'_self',0,' ',NULL,NULL),(241,'개인정보처리방침','COMMON','/home/contentsInfo','Y',10,1,241,'241,',0,NULL,'_self',0,'',NULL,NULL),(671,'메인 홈페이지','ADMIN','/boffice/menu/menuList?menu_gb=HOME','Y',20,3,22,'22,23,671,',23,NULL,'_self',0,' ',NULL,NULL),(707,'팝업관리','ADMIN','/boffice/board/boardList','Y',60,2,22,'22,707,',22,NULL,'_self',227,'메인 팝업 관리',NULL,NULL),(739,'board','ADMIN','/boffice/topMenuMove','Y',1,1,739,'739,',0,NULL,'',0,'',NULL,NULL),(740,'공지사항','ADMIN','/boffice/board/boardList','Y',10,2,739,'739,740,',739,NULL,'_self',226,'',NULL,NULL),(741,'1:1문의','ADMIN','/boffice/board/boardList','Y',20,2,739,'739,741,',739,NULL,'_self',228,NULL,NULL,NULL),(772,'member','ADMIN','/boffice/memberList.do','Y',5,1,772,'772,',0,NULL,'_self',NULL,NULL,NULL,NULL),(773,'회원리스트','ADMIN','/boffice/member/memberList','Y',1,2,772,'772,773,',772,NULL,'_self',0,'',NULL,NULL),(801,'스튜디오리스트','ADMIN','/boffice/member/studioList','Y',2,2,772,'772,[object Promise],',772,NULL,'_self',0,'',NULL,NULL),(802,'Work','HOME','/customer/studio','Y',10,1,802,'802,',0,NULL,'_self',0,'',NULL,NULL),(803,'Art','HOME','/art/artList','Y',20,1,803,'803,',0,NULL,'_self',0,'',NULL,NULL),(806,'Community','HOME','/board','Y',30,1,806,'806,',0,NULL,'_self',226,'',NULL,NULL),(807,'공지사항','HOME','/board','Y',10,2,806,'806,807,',806,NULL,'_self',226,'',NULL,NULL),(809,'1:1문의','HOME','/board','Y',30,2,806,'806,809,',806,NULL,'_self',228,'',NULL,NULL),(810,'Job','HOME','/board','N',40,1,810,'810,',0,NULL,'_self',229,'',NULL,'2021-05-27'),(811,'아카데미','HOME','/4/1','Y',10,2,810,'810,811,',810,NULL,'_self',0,'',NULL,NULL),(812,'구인','HOME','/board','Y',20,2,810,'810,812,',810,NULL,'_self',229,'',NULL,NULL),(813,'구직','HOME','4/3','Y',30,2,810,'810,813,',810,NULL,'_self',0,'',NULL,NULL),(815,'studio','HOME','/customer/studio','Y',10,2,802,'802,815,',802,NULL,'_self',0,'',NULL,NULL),(816,'About us','HOME','/5/1','Y',50,1,816,'816,',0,NULL,'_self',0,'',NULL,NULL),(817,'아트','ADMIN','/boffice/art/artList','Y',30,2,739,'739,817,',739,NULL,'',0,'',NULL,NULL),(818,'artist','HOME','/customer/artist','Y',20,2,802,'802,818,',802,NULL,'',0,'','2021-05-31','2021-05-31');
/*!40000 ALTER TABLE `tb_menu` ENABLE KEYS */;
UNLOCK TABLES;

--
-- Table structure for table `tb_user`
--

DROP TABLE IF EXISTS `tb_user`;
/*!40101 SET @saved_cs_client     = @@character_set_client */;
/*!50503 SET character_set_client = utf8mb4 */;
CREATE TABLE `tb_user` (
  `user_id` varchar(30) NOT NULL,
  `pwd` varchar(100) DEFAULT NULL,
  `user_nm` varchar(50) DEFAULT NULL,
  `telno` varchar(50) DEFAULT NULL,
  `gender` varchar(10) DEFAULT NULL,
  `user_type` varchar(10) DEFAULT NULL,
  `use_yn` varchar(2) DEFAULT 'Y',
  `reg_ip` varchar(20) DEFAULT NULL,
  `nick_nm` varchar(50) DEFAULT NULL,
  `visit_dt` datetime DEFAULT NULL,
  `user_gpin` varchar(100) DEFAULT NULL,
  `use_agree_dt` datetime DEFAULT NULL,
  `person_agree_dt` datetime DEFAULT NULL,
  `email_agree_dt` datetime DEFAULT NULL,
  `wanna_genre` varchar(30) DEFAULT NULL,
  `createdAt` datetime NOT NULL,
  `updatedAt` datetime NOT NULL,
  PRIMARY KEY (`user_id`)
) ENGINE=InnoDB DEFAULT CHARSET=utf8;
/*!40101 SET character_set_client = @saved_cs_client */;

--
-- Dumping data for table `tb_user`
--

LOCK TABLES `tb_user` WRITE;
/*!40000 ALTER TABLE `tb_user` DISABLE KEYS */;
INSERT INTO `tb_user` VALUES ('admin','$2b$12$9TJlDkekV05TCPq3KPXpEOxbXOvuBOYYHtdQ2A/ch1tlH8NCrcj/K','관리자','01099442878','M','ADMIN','Y','','이현도짱',NULL,NULL,NULL,NULL,NULL,'이레즈미','2021-06-04 00:37:56','2021-05-27 00:00:00'),('saeroom','$2b$12$HKpb79EAKw7a1GEcMYOYaOVumJxeJtcDzL5aRICkq49Ci8gaYICcC','이새롬','01023798643','W','USER','Y',NULL,'롬뚠',NULL,NULL,NULL,NULL,NULL,'감성/미니','2021-06-05 12:31:30','2021-06-05 12:31:30'),('test1','$2b$12$wx/oGgUDHJOegXJBY4RLEuSWSi14Co2RfclWivVzfCGoe.DFSusz2','타투콕','010-0000-0000','M','COMPANY','Y',NULL,'타투콕',NULL,NULL,NULL,NULL,NULL,'올드스쿨 ','2021-06-07 08:04:14','2021-06-07 08:04:14'),('test2','$2b$12$f6jU4h94Rn71IutSdeAql.vcD5Q.0nLlXLS1EbDMJghJtBvV0X2pC','타투아티','010-0000-0000','M','COMPANY','Y',NULL,'타투아티',NULL,NULL,NULL,NULL,NULL,'이레즈미 ','2021-06-07 08:04:56','2021-06-07 08:04:56');
/*!40000 ALTER TABLE `tb_user` ENABLE KEYS */;
UNLOCK TABLES;

--
-- Table structure for table `tb_usermenu`
--

DROP TABLE IF EXISTS `tb_usermenu`;
/*!40101 SET @saved_cs_client     = @@character_set_client */;
/*!50503 SET character_set_client = utf8mb4 */;
CREATE TABLE `tb_usermenu` (
  `USER_ID` varchar(30) DEFAULT NULL,
  `MENU_NO` int DEFAULT NULL,
  `CreatedAt` date DEFAULT NULL,
  `id` int NOT NULL AUTO_INCREMENT,
  `UpdatedAt` date DEFAULT NULL,
  PRIMARY KEY (`id`)
) ENGINE=InnoDB DEFAULT CHARSET=utf8;
/*!40101 SET character_set_client = @saved_cs_client */;

--
-- Dumping data for table `tb_usermenu`
--

LOCK TABLES `tb_usermenu` WRITE;
/*!40000 ALTER TABLE `tb_usermenu` DISABLE KEYS */;
/*!40000 ALTER TABLE `tb_usermenu` ENABLE KEYS */;
UNLOCK TABLES;
/*!40103 SET TIME_ZONE=@OLD_TIME_ZONE */;

/*!40101 SET SQL_MODE=@OLD_SQL_MODE */;
/*!40014 SET FOREIGN_KEY_CHECKS=@OLD_FOREIGN_KEY_CHECKS */;
/*!40014 SET UNIQUE_CHECKS=@OLD_UNIQUE_CHECKS */;
/*!40101 SET CHARACTER_SET_CLIENT=@OLD_CHARACTER_SET_CLIENT */;
/*!40101 SET CHARACTER_SET_RESULTS=@OLD_CHARACTER_SET_RESULTS */;
/*!40101 SET COLLATION_CONNECTION=@OLD_COLLATION_CONNECTION */;
/*!40111 SET SQL_NOTES=@OLD_SQL_NOTES */;

-- Dump completed on 2021-06-08 10:33:43
